# Sensor Via Cristoforo Gandino, Milan, Italy (Citizen Science project sensor.community/32399)
# https://aqicn.org/station/@196504/
# Daily pm25
date,min,max,median,q1,q3,stdev,count
2021-03-13T00:00:00.000Z,10.48,62.85,25.69,16.82,32.72,9.836,138
2021-03-14T00:00:00.000Z,0.1,76.22,1.83,0.79,12.5,9.509,244
2021-03-15T00:00:00.000Z,0.1,41.4,1.2,0.7,1.8,3.99,215
2021-03-16T00:00:00.000Z,0.1,50.65,0.6,0.3,1.17,4.958,230
2021-03-17T00:00:00.000Z,0.2,69.72,1.14,0.8,1.8,5.491,254
2021-03-18T00:00:00.000Z,2.2,5.45,3.35,2.8,3.5,0.868,10
2021-03-19T00:00:00.000Z,2.63,44.35,5.03,3.87,7.53,6.257,157
2021-03-20T00:00:00.000Z,3.5,120.68,7.7,5.56,12.07,10.409,232
2021-03-21T00:00:00.000Z,2.72,204.6,4.84,3.87,6.1,13.825,212
2021-03-22T00:00:00.000Z,3.83,51.1,7.64,5.69,10.68,4.771,228
2021-03-23T00:00:00.000Z,2.29,70.78,6.84,4.32,8.32,6.23,298
2021-03-24T00:00:00.000Z,4.15,47,13.35,9.4,16,5.332,182
2021-03-25T00:00:00.000Z,4.59,205.75,10.13,6.6,25.42,21.251,206
2021-03-26T00:00:00.000Z,4.82,36.4,9.15,8.26,19.05,7.657,165
2021-03-27T00:00:00.000Z,3.45,39.97,9.77,6.68,15.99,6.477,153
2021-03-28T00:00:00.000Z,3.72,45.28,7.06,5.53,9.5,6.771,116
2021-03-29T00:00:00.000Z,3.97,32.45,8.09,5.92,16.52,6.689,192
2021-03-30T00:00:00.000Z,21.23,102.82,33.72,28.85,39.72,8.477,218
2021-03-31T00:00:00.000Z,19.35,94.28,36,27.27,45.9,11.581,195
2021-04-01T00:00:00.000Z,1.3,79.13,23.6,4.41,33.92,15.877,176
2021-04-02T00:00:00.000Z,1.17,39.65,3.18,2.15,4.82,3.615,198
2021-04-03T00:00:00.000Z,1.9,12.68,3.46,2.97,5.03,2.422,210
2021-04-04T00:00:00.000Z,1.1,23.65,2.27,1.8,2.78,1.8,203
2021-04-05T00:00:00.000Z,1.4,101.57,2.33,2.1,3.72,8.423,139
2021-04-06T00:00:00.000Z,0.5,71.45,1.6,1.12,2.22,5.829,234
2021-04-07T00:00:00.000Z,0.4,32.22,1.65,1.01,3.51,3.163,165
2021-04-08T00:00:00.000Z,0.93,27.63,2.04,1.6,2.97,2.889,191
2021-04-09T00:00:00.000Z,0.7,30.02,4.2,1.98,5.25,3.507,187
2021-04-10T00:00:00.000Z,0.8,12.1,1.63,1.3,3.15,2.378,171
2021-04-11T00:00:00.000Z,1.1,32.65,4.53,2.73,12.28,5.757,104
2021-04-12T00:00:00.000Z,0.68,99.2,3.2,1.42,8.61,11.504,81
2021-04-13T00:00:00.000Z,0.4,15.5,4.65,2.04,7.28,3.185,123
2021-04-14T00:00:00.000Z,4.15,12.2,6.56,5.2,7.55,1.433,122
2021-04-15T00:00:00.000Z,1.12,11.7,5.3,3.99,6.4,2.106,96
2021-04-16T00:00:00.000Z,4.03,17.32,7.95,5.8,8.4,2.129,70
2021-04-18T00:00:00.000Z,6.5,15.5,13.28,11.23,14.21,2.142,72
2021-04-19T00:00:00.000Z,8.55,122.25,16.01,13.08,17.36,9.968,128
2021-04-20T00:00:00.000Z,2.27,153.93,9.09,4.7,17.55,17.664,120
2021-04-21T00:00:00.000Z,2.92,76.2,4.8,4.22,6.13,8.673,114
2021-04-22T00:00:00.000Z,8.19,139.8,16.25,12.55,22.22,12.969,117
2021-04-23T00:00:00.000Z,9.19,34.33,17.63,13.45,24.92,7.377,108
2021-04-24T00:00:00.000Z,6.8,32.29,15.68,14.3,20.42,4.717,127
2021-04-25T00:00:00.000Z,1.92,66.25,15.98,7.1,17.77,7.38,162
2021-04-26T00:00:00.000Z,1.95,28.35,14.8,11.4,16.95,4.584,134
2021-04-27T00:00:00.000Z,8.43,32.53,13.48,11.75,15.48,3.244,128
2021-04-28T00:00:00.000Z,12.52,103.15,26.03,18.27,32.95,10.664,126
2021-04-29T00:00:00.000Z,15.75,51.9,33.97,29.85,41.65,9.411,115
2021-04-30T00:00:00.000Z,3.4,229.32,6.28,5.47,12.48,23.343,102
2021-05-01T00:00:00.000Z,1.48,152.94,10.24,8.28,13.55,23.404,132
2021-05-02T00:00:00.000Z,0.2,57.88,1.64,0.7,3.56,9.007,132
2021-05-03T00:00:00.000Z,0.5,7.65,1.4,1,2.35,1.658,122
2021-05-04T00:00:00.000Z,1.1,71.05,2.95,2.2,5.18,12.293,110
2021-05-05T00:00:00.000Z,2.1,91.75,3.63,2.72,4.43,11.497,119
2021-05-06T00:00:00.000Z,2.47,67.88,4.47,3.75,5.8,6.107,114
2021-05-07T00:00:00.000Z,0.4,33.54,3.8,1.14,6.49,4.869,121
2021-05-08T00:00:00.000Z,0.3,12.73,1.4,1,3.55,2.102,123
2021-05-09T00:00:00.000Z,1.92,26.25,3.65,2.88,6.22,3.122,139
2021-05-10T00:00:00.000Z,2.9,51.92,5.25,3.97,11.13,8.537,130
2021-05-11T00:00:00.000Z,0.6,10.27,3.67,2.19,4.65,1.757,121
2021-05-12T00:00:00.000Z,0.1,167.77,2.6,1.6,3.85,15.465,115
2021-05-13T00:00:00.000Z,0.3,20.13,0.93,0.69,1.58,1.985,145
2021-05-14T00:00:00.000Z,0.4,35.72,4.18,1.25,8.1,5.08,132
2021-05-15T00:00:00.000Z,0.6,40.08,2.35,1.42,10.84,6.031,144
2021-05-16T00:00:00.000Z,1.2,14.32,2.33,1.85,3.86,2.881,152
2021-05-17T00:00:00.000Z,0.2,7.15,0.8,0.56,1.95,1.746,131
2021-05-18T00:00:00.000Z,0.25,14.3,1.5,0.73,2.2,1.845,111
2021-05-19T00:00:00.000Z,0.3,12.77,1.04,0.6,2.4,1.587,146
2021-05-20T00:00:00.000Z,0.1,24.6,1.77,0.56,2.35,2.895,153
2021-05-21T00:00:00.000Z,0.43,151.88,1.73,0.88,3.15,16.588,139
2021-05-22T00:00:00.000Z,0.73,23.77,2.2,1.6,4.09,2.484,118
2021-05-23T00:00:00.000Z,0.4,50.22,2.68,1.38,8.25,5.973,166
2021-05-24T00:00:00.000Z,0.9,12.95,2.45,1.8,3.64,3.02,148
2021-05-25T00:00:00.000Z,0.38,52.35,8.99,2.37,16.36,7.646,160
2021-05-26T00:00:00.000Z,1.2,64.68,3.14,2.52,5.35,7.193,158
2021-05-27T00:00:00.000Z,1,11.2,2.1,1.7,2.7,1.291,150
2021-05-28T00:00:00.000Z,1.5,13.07,6.2,2.78,9.88,3.358,157
2021-05-29T00:00:00.000Z,1.73,14.45,4.93,2.42,7.96,3.422,132
2021-05-30T00:00:00.000Z,0.7,3.92,1.67,1.3,2.27,0.879,166
2021-05-31T00:00:00.000Z,1.1,39.33,3.46,2.15,4.43,3.697,128
2021-06-01T00:00:00.000Z,2.8,91.65,7.85,6.78,8.98,6.781,164
2021-06-02T00:00:00.000Z,1.1,10.7,4.65,3.18,5.88,2.027,137
2021-06-03T00:00:00.000Z,1.05,20.85,3.5,1.72,8.48,5.878,141
2021-06-04T00:00:00.000Z,0.88,9.73,1.95,1.53,2.74,1.583,149
2021-06-05T00:00:00.000Z,1.3,17.55,2.2,1.88,2.62,1.853,156
2021-06-06T00:00:00.000Z,0.82,27.42,2.27,1.63,4.09,2.927,179
2021-06-07T00:00:00.000Z,2.4,29.08,7.78,5.8,10.52,3.784,320
2021-06-08T00:00:00.000Z,3.1,15.35,6.5,5.3,7.93,1.967,233
2021-06-09T00:00:00.000Z,1.6,49,9,3.67,12.68,5.702,259
2021-06-10T00:00:00.000Z,1.65,27.75,9.35,3.5,12.65,5.632,174
2021-06-11T00:00:00.000Z,3.35,21.52,14.38,9.69,15.93,4.972,177
2021-06-12T00:00:00.000Z,3.1,77.43,9.46,5.32,14.07,8.409,158
2021-06-13T00:00:00.000Z,0.73,23.27,3.94,1.9,10.67,4.817,160
2021-06-14T00:00:00.000Z,2.6,23.13,5.79,4.93,15.45,6.198,194
2021-06-15T00:00:00.000Z,1.73,15.23,2.94,2.6,4.26,2.521,188
2021-06-16T00:00:00.000Z,7.9,22.17,13.23,10.6,15.35,3.365,165
2021-06-17T00:00:00.000Z,3.47,124.95,13.3,10.18,15.13,8.914,235
2021-06-18T00:00:00.000Z,1.7,10.68,3.7,2.95,4.15,1.131,239
2021-06-19T00:00:00.000Z,1.52,59.78,2.65,2.37,3.37,5.017,277
2021-06-20T00:00:00.000Z,1.85,14.73,4.03,3.08,4.7,1.384,303
2021-06-21T00:00:00.000Z,2.8,34,4.7,4.18,5.4,3.073,262
2021-06-22T00:00:00.000Z,1.2,130.94,2.91,2.4,4.13,11.722,228
2021-06-23T00:00:00.000Z,0.95,87.72,2.9,1.8,3.54,8.763,281
2021-06-24T00:00:00.000Z,0.6,13.27,2.46,1.39,3.46,1.535,260
2021-06-25T00:00:00.000Z,0.4,41.05,0.9,0.75,1.17,2.788,297
2021-06-26T00:00:00.000Z,0.4,49.08,1.2,0.9,2.7,3.044,311
2021-06-27T00:00:00.000Z,0.7,22.17,2.22,1.42,3.15,1.789,299
2021-06-28T00:00:00.000Z,0.75,17.85,1.95,1.4,2.62,1.505,285
2021-06-29T00:00:00.000Z,0.9,17.27,2,1.5,2.45,1.427,311
2021-06-30T00:00:00.000Z,0.4,21.88,2.2,1.67,3.17,1.717,294
2021-07-01T00:00:00.000Z,0.2,45.72,1.85,1.12,2.54,3.166,261
2021-07-02T00:00:00.000Z,0.55,11.18,1.85,1.4,2.19,1.12,245
2021-07-03T00:00:00.000Z,1.25,9.5,3.67,2.58,4.43,1.322,330
2021-07-04T00:00:00.000Z,1.9,16.75,5.84,3.33,8.15,3.411,318
2021-07-05T00:00:00.000Z,0.4,22.73,2.47,1.5,3.83,2.342,258
2021-07-06T00:00:00.000Z,0.8,74.18,2.16,1.52,2.63,5.083,296
2021-07-07T00:00:00.000Z,1.45,17.85,3.75,2.31,9.27,4.094,265
2021-07-08T00:00:00.000Z,0.25,191,2.9,1.85,7.57,16.673,282
2021-07-09T00:00:00.000Z,0,263.95,0.52,0.3,2.38,18.791,327
2021-07-10T00:00:00.000Z,0.35,31.1,1.6,1.14,2.2,2.3,267
2021-07-11T00:00:00.000Z,0.4,26.48,1.17,0.8,2.52,2.631,351
2021-07-12T00:00:00.000Z,1.8,54.05,3.34,2.7,4.28,3.575,258
2021-07-13T00:00:00.000Z,0.8,12.85,3.35,2.27,9.6,3.782,238
2021-07-14T00:00:00.000Z,1.1,22.4,2.15,1.58,3.1,2.216,250
2021-07-15T00:00:00.000Z,1.12,19.25,2.65,2,3.3,1.854,299
2021-07-16T00:00:00.000Z,0.1,14.1,3.2,1.54,4.21,1.715,261
2021-07-17T00:00:00.000Z,0.4,15.77,2.31,1.38,3.65,2.723,326
2021-07-18T00:00:00.000Z,0.7,31.5,9.32,2.6,15.5,7.243,275
2021-07-19T00:00:00.000Z,1.85,6.38,3.4,2.97,4.05,0.872,246
2021-07-20T00:00:00.000Z,1.75,35.08,4.5,3.2,5.72,3.019,261
2021-07-21T00:00:00.000Z,2.29,16.23,5.17,4.57,5.82,2.287,288
2021-07-22T00:00:00.000Z,5.78,12.95,8.13,7.53,8.75,1.214,247
2021-07-23T00:00:00.000Z,4.03,20.32,7.68,6.29,9.35,3.657,293
2021-07-24T00:00:00.000Z,5.88,28.9,12.07,10.57,16.05,5.119,283
2021-07-25T00:00:00.000Z,2.29,28.8,9.3,4.84,17.57,6.363,311
2021-07-26T00:00:00.000Z,1.2,31.65,5.4,2.9,6.45,3.879,327
2021-07-27T00:00:00.000Z,4.28,18.32,7.47,6.07,9.3,2.714,347
2021-07-28T00:00:00.000Z,3.3,16.45,7.85,6.32,10.85,3.284,331
2021-07-29T00:00:00.000Z,3.38,27.75,5.95,4.3,7.35,3.229,298
2021-07-30T00:00:00.000Z,3.95,12.82,8.13,6.5,9.44,2.041,240
2021-07-31T00:00:00.000Z,1.55,53.65,6.43,4.32,8.25,3.927,255
2021-08-01T00:00:00.000Z,0.9,16.38,2.78,2.21,3.46,1.382,245
2021-08-02T00:00:00.000Z,1.2,7.7,2.72,2,3.96,1.258,244
2021-08-03T00:00:00.000Z,1.12,58.38,3.24,2.35,4.4,4.989,254
2021-08-04T00:00:00.000Z,1.58,14.23,3.72,2.4,10.32,3.881,219
2021-08-05T00:00:00.000Z,0.4,24.27,1.7,1.27,2.45,2.402,252
2021-08-06T00:00:00.000Z,1.52,118.88,2.63,2.29,2.95,6.612,315
2021-08-07T00:00:00.000Z,1.9,466.48,2.7,2.49,3.3,25.876,321
2021-08-08T00:00:00.000Z,1.05,11.85,2.34,1.73,3.08,1.334,294
2021-08-09T00:00:00.000Z,0.95,7.95,1.67,1.48,1.98,0.605,232
2021-08-10T00:00:00.000Z,1.85,15.95,3.72,3.35,4.28,1.396,303
2021-08-11T00:00:00.000Z,3.42,20.77,5.5,4.79,6.5,2.073,229
2021-08-12T00:00:00.000Z,3.72,89.95,5.05,4.57,5.72,7.634,273
2021-08-13T00:00:00.000Z,3.5,26.1,6.05,5.09,7.07,3.905,535
2021-08-14T00:00:00.000Z,3.63,28.23,4.8,4.5,6.05,1.526,448
2021-08-15T00:00:00.000Z,4.55,12.88,7.45,6.6,8.15,1.284,463
2021-08-16T00:00:00.000Z,1.1,10.02,6.15,3.88,6.95,1.985,515
2021-08-17T00:00:00.000Z,0.88,19.75,1.55,1.3,1.95,1.816,538
2021-08-18T00:00:00.000Z,0.9,48.03,1.6,1.33,1.9,3.527,452
2021-08-19T00:00:00.000Z,1.33,3.8,2.02,1.83,2.27,0.378,330
2021-08-23T00:00:00.000Z,2.17,18.85,3.05,2.76,3.61,1.975,69
2021-08-24T00:00:00.000Z,0.6,10.48,1.9,1.55,2.42,0.963,478
2021-08-25T00:00:00.000Z,0.5,10.93,1.08,0.8,1.6,0.932,329
2021-09-25T00:00:00.000Z,20.02,286.38,27.06,24.75,30,18.455,276
2021-09-26T00:00:00.000Z,8.8,206.25,26.78,21,32.22,11.578,550
2021-09-27T00:00:00.000Z,9.23,194.48,22.55,14.27,32.34,14.467,460
2021-09-28T00:00:00.000Z,14.3,430.92,34.1,26.8,40.38,20.582,565
2021-09-29T00:00:00.000Z,3.28,291.39,6.93,5.35,11.9,18.338,562
2021-09-30T00:00:00.000Z,2.1,58.08,6.5,5.18,10.65,5.158,555
2021-10-01T00:00:00.000Z,1.17,27.42,2.42,1.9,4.26,2.582,537
2021-10-02T00:00:00.000Z,3.33,18.64,8.9,7.38,10.4,3.396,555
2021-10-03T00:00:00.000Z,3.03,578.65,14.15,10.62,15.51,31.23,569
2021-10-04T00:00:00.000Z,3.22,114.9,15.32,8.02,17.77,8.047,555
2021-10-05T00:00:00.000Z,0.9,142.35,6.2,2.04,11.9,7.592,574
2021-10-06T00:00:00.000Z,0.28,235.45,2.5,1,5.92,14.606,564
2021-10-07T00:00:00.000Z,0.1,347.85,3.6,2.54,5.05,17.764,563
2021-10-08T00:00:00.000Z,1.12,281.67,4.53,3.45,6.78,13.48,560
2021-10-09T00:00:00.000Z,3.7,374.63,5.25,4.53,6.63,21.102,566
2021-10-10T00:00:00.000Z,4.3,65.97,7.24,6.32,9.55,4.091,578
2021-10-11T00:00:00.000Z,5.43,127.1,14.35,11.82,17.3,8.973,577
2021-10-12T00:00:00.000Z,9.55,101.05,15.49,12.75,17.95,5.535,574
2021-10-13T00:00:00.000Z,10.48,145.32,22.42,19.1,24.77,7.797,556
2021-10-14T00:00:00.000Z,2,157.38,6.75,5.32,9.75,10.314,557
2021-10-15T00:00:00.000Z,7.63,146.97,18.48,10.18,24.1,10.435,567
2021-10-16T00:00:00.000Z,21.75,116.03,32.03,25.88,36.97,9.536,573
2021-10-17T00:00:00.000Z,13.63,130.02,27.5,24.51,29.77,7.811,569
2021-10-18T00:00:00.000Z,19.02,249.38,27.99,25.08,36.95,14.355,558
2021-10-19T00:00:00.000Z,34.79,109.72,52.42,41.85,68.75,14.351,582
2021-10-20T00:00:00.000Z,31.73,180.38,46.5,41.2,54.67,10.77,559
2021-10-21T00:00:00.000Z,4.9,102.95,14.15,7.48,27.72,14.616,573
2021-10-22T00:00:00.000Z,13.95,197,24.98,19.63,29.45,12.394,565
2021-10-23T00:00:00.000Z,19.95,121.78,45.75,35.72,59.13,15.627,557
2021-10-24T00:00:00.000Z,2.45,64.06,7.7,4.72,13.15,12.106,566
2021-10-25T00:00:00.000Z,3.88,66.25,9.51,7.09,12.51,5.924,564
2021-10-26T00:00:00.000Z,15.35,148.94,20.88,18.7,27.05,9.358,555
2021-10-27T00:00:00.000Z,7.03,159.9,24.58,21.15,26.85,9.403,539
2021-10-28T00:00:00.000Z,14.75,160,21.57,18.88,36.65,14.374,524
2021-12-20T00:00:00.000Z,5.68,46.63,37.04,30.17,39.11,8.984,261
2021-12-21T00:00:00.000Z,22.1,82.47,38.22,32.08,45.25,8.831,551
2021-12-22T00:00:00.000Z,18.8,79.88,31.67,26.55,34.29,8.473,526
2021-12-23T00:00:00.000Z,22.2,62.85,33.2,29.55,41.13,7.115,515
2021-12-24T00:00:00.000Z,17.23,232.02,44.15,32.67,51.33,14.388,522
2021-12-25T00:00:00.000Z,25,90.3,45.3,38.5,50.88,8.53,517
2021-12-26T00:00:00.000Z,28.08,70.97,41.42,37.94,45.13,5.749,545
2021-12-27T00:00:00.000Z,36.85,441.63,56.83,52.45,60.92,18.381,552
2021-12-28T00:00:00.000Z,41.55,82.07,56.27,47.97,61.33,7.585,546
2021-12-29T00:00:00.000Z,16.7,67.65,30.65,27.1,37.45,7.248,555
2021-12-30T00:00:00.000Z,24.08,225.7,38.92,31.63,47.45,15.387,534
2021-12-31T00:00:00.000Z,24,415.3,34.75,29.13,47.55,29.345,559
2022-01-01T00:00:00.000Z,12.05,167.65,31.42,20.63,42.2,28.624,546
2022-01-02T00:00:00.000Z,14.88,79.9,38,25.2,42.17,10.719,540
2022-01-03T00:00:00.000Z,12.75,51.7,24.22,15.75,29.83,8.332,554
2022-01-04T00:00:00.000Z,6.32,79.88,36.38,14.6,41.47,15.232,562
2022-01-05T00:00:00.000Z,0.77,89.03,23.6,12.18,29.08,13.235,523
2022-01-06T00:00:00.000Z,0.55,34.88,4.93,1.73,8.63,5.226,566
2022-01-07T00:00:00.000Z,2.85,65.75,8.88,6.2,12.85,5.069,563
2022-01-08T00:00:00.000Z,8.94,47.83,22.28,15.35,36.33,10.684,530
2022-01-09T00:00:00.000Z,28.98,374.73,37.1,34.58,39.72,15.289,525
2022-01-10T00:00:00.000Z,30.95,105.63,48.24,43.33,55.58,10.276,532
2022-01-11T00:00:00.000Z,4.93,47.05,25.4,14.32,31.42,9.865,510
2022-01-12T00:00:00.000Z,8.55,101.7,14.82,12.8,17.35,5.855,559
2022-01-13T00:00:00.000Z,15.98,38.63,28.7,24.77,30.63,4.525,546
2022-01-14T00:00:00.000Z,11.52,52.63,24.23,20,27.75,5.165,535
2022-01-15T00:00:00.000Z,16.8,61.8,26.5,23.09,30.45,4.814,552
2022-01-16T00:00:00.000Z,19.8,66.5,32.03,29.2,34.02,4.816,553
2022-01-17T00:00:00.000Z,3.42,46.92,24.98,13.9,29.13,8.721,562
2022-01-18T00:00:00.000Z,15.65,116.95,57.92,35.38,67.93,19.797,555
2022-01-19T00:00:00.000Z,42.72,116.47,53.16,47.99,59.53,7.526,536
2022-01-20T00:00:00.000Z,57.35,92.72,70.34,65.61,73.95,5.896,568
2022-01-21T00:00:00.000Z,45.63,97.5,58.34,52.69,70.9,11.782,528
2022-01-22T00:00:00.000Z,29.17,109.65,52,35.92,60.88,12.782,542
2022-01-23T00:00:00.000Z,34.08,625.91,58.72,47.58,61.55,28.684,546
2022-01-24T00:00:00.000Z,48.75,292.25,61.17,57.45,66.56,12.036,542
2022-01-25T00:00:00.000Z,34.58,118.68,58.92,49.19,63.33,10.128,529
2022-01-26T00:00:00.000Z,41.2,159.65,59.23,49.08,67.75,10.804,516
2022-01-27T00:00:00.000Z,32.25,73.55,41.35,38.63,46.59,7.818,552
2022-01-28T00:00:00.000Z,0.35,85.05,30.35,25.5,36.42,10.27,562
2022-01-29T00:00:00.000Z,22.67,215.98,38.33,34.17,43.3,10.666,554
2022-01-30T00:00:00.000Z,6.93,68.7,20.48,10.8,29,15.166,567
2022-01-31T00:00:00.000Z,0.45,74.95,47.55,3.17,52.3,22.464,558
2022-02-01T00:00:00.000Z,0.17,55.17,1.25,0.73,2.85,3.868,534
2022-02-02T00:00:00.000Z,0.3,37.28,4.67,2.15,6.97,3.846,534
2022-02-03T00:00:00.000Z,1.88,27.55,10.87,6.88,14.09,4.305,512
2022-02-04T00:00:00.000Z,4.2,23.63,6.81,5.7,8.94,4.989,318
2022-03-19T00:00:00.000Z,10.3,22.85,15.15,12.18,17.55,3,299
2022-03-20T00:00:00.000Z,9.88,37.15,17.64,13.98,18.87,3.37,548
2022-03-21T00:00:00.000Z,9.19,34.33,14.7,12.59,17.98,3.975,544
2022-03-22T00:00:00.000Z,10.27,129.57,21.23,13.98,25.38,9.022,573
2022-03-23T00:00:00.000Z,7.45,96.7,25.16,14.79,31.44,9.266,556
2022-03-24T00:00:00.000Z,4.09,108.9,20.75,9.8,25.81,9.966,549
2022-03-25T00:00:00.000Z,4.72,52.7,11.3,7.43,14.95,5.375,567
2022-03-26T00:00:00.000Z,8.73,193.13,19.42,11.95,25.85,13.239,567
2022-03-27T00:00:00.000Z,18.5,57.67,38.22,29.58,46.5,9.903,556
2022-03-28T00:00:00.000Z,12.8,50.53,30.95,20.5,34.17,7.9,403
2022-07-29T00:00:00.000Z,12.45,20.6,17.52,15.3,18.5,2.163,58
2022-07-30T00:00:00.000Z,0.55,23.45,3.05,1.7,12.4,6.082,575
2022-07-31T00:00:00.000Z,0.6,23.25,1.35,1.05,2.17,1.958,580
2022-08-01T00:00:00.000Z,0.5,186.88,1.83,1.17,2.42,9.246,501
2022-08-02T00:00:00.000Z,0.55,5.67,1.17,0.93,1.55,0.847,542
2022-08-03T00:00:00.000Z,0.73,23.17,1.6,1.2,1.98,1.717,550
2022-08-04T00:00:00.000Z,0.9,37.79,2.14,1.58,2.67,2.521,458
2022-08-05T00:00:00.000Z,1.2,19.17,2.9,2.33,3.65,1.625,563
2022-08-06T00:00:00.000Z,0.5,83.97,2.17,1.35,3.8,3.714,552
2022-08-07T00:00:00.000Z,0.43,3.7,1.3,1.08,1.63,0.498,447
2022-08-08T00:00:00.000Z,0.5,7.78,1.83,1.5,2.45,0.739,513
2022-08-09T00:00:00.000Z,2.8,6.18,3.88,3.53,4.53,0.771,564
2022-08-10T00:00:00.000Z,1.1,4.47,2.08,1.65,3.13,0.845,451
2022-08-11T00:00:00.000Z,1.17,4.82,1.65,1.5,1.88,0.421,462
2022-08-12T00:00:00.000Z,0.77,14.55,1.6,1.4,1.9,1.222,553
2022-08-13T00:00:00.000Z,0.45,11.4,1.08,0.9,1.42,0.766,579
2022-08-14T00:00:00.000Z,0.55,6.93,1.6,1.35,2,0.913,538
2022-08-15T00:00:00.000Z,0.68,5.3,2,1.55,2.4,0.723,447
2022-08-16T00:00:00.000Z,1.83,17.48,2.83,2.45,3.88,1.53,583
2022-08-17T00:00:00.000Z,2.15,54.13,6.97,3.78,10.95,6.12,426
2022-08-18T00:00:00.000Z,0.55,26.92,3.69,1.5,6.25,5.652,486
2022-08-19T00:00:00.000Z,0.1,6.75,1.23,0.74,1.75,1.16,569
2022-08-20T00:00:00.000Z,0.38,12,1.33,0.9,2.2,1.729,531
2022-08-21T00:00:00.000Z,0.38,9.94,1.4,0.77,2,1.168,507
2022-08-22T00:00:00.000Z,0.5,63.65,0.95,0.8,1.4,3.57,346
2022-08-23T00:00:00.000Z,0.8,7.55,1.42,1.2,1.76,0.597,528
2022-08-24T00:00:00.000Z,0.65,5.4,1.41,1.1,1.88,0.93,470
2022-08-25T00:00:00.000Z,1.1,9.75,1.95,1.6,2.92,1.123,501
2022-08-26T00:00:00.000Z,1.4,84.03,3.76,2.97,5.88,5.873,548
2022-08-27T00:00:00.000Z,0.52,19.13,3.3,1.8,6.04,2.685,541
2022-08-28T00:00:00.000Z,1,207.82,4.53,2.06,9.77,10.24,537
2022-08-29T00:00:00.000Z,1.5,37.79,5.2,2.6,6.28,3.41,523
2022-08-30T00:00:00.000Z,2.85,295.35,11.57,8,15.27,20.345,543
2022-08-31T00:00:00.000Z,2.83,32,6.97,4.4,9.18,3.469,510
2022-09-01T00:00:00.000Z,0.5,11.5,3.08,1.52,4.9,2.54,491
2022-09-02T00:00:00.000Z,1.17,18.35,2.04,1.63,3.7,2.377,462
2022-09-03T00:00:00.000Z,1.77,59.7,4.67,3.24,5.38,3.345,404
2022-09-04T00:00:00.000Z,1.4,21.1,4.84,2.4,9.43,4.403,246
2022-09-05T00:00:00.000Z,1.8,55.47,5.3,3.15,8.21,6.277,340
2022-09-06T00:00:00.000Z,1.3,37.79,4.38,3,9.14,4.553,525
2022-09-07T00:00:00.000Z,2.29,37.85,8.94,5.34,14.01,6.265,493
2022-09-08T00:00:00.000Z,0.93,104.45,6.07,2.9,11.38,7.235,350
2022-09-09T00:00:00.000Z,0.43,18.88,2.5,1.4,11.6,6.181,522
2022-09-10T00:00:00.000Z,0.45,14.63,1.42,1.1,2.38,1.423,510
2022-09-11T00:00:00.000Z,0.4,84.28,2.5,1.3,3.6,3.9,532
2022-09-12T00:00:00.000Z,0.77,25.88,2.25,1.6,3.55,2.227,468
2022-09-13T00:00:00.000Z,0.75,32.54,3.8,1.7,7.68,4.033,467
2022-09-14T00:00:00.000Z,0.7,73.8,2.17,1.4,3.08,4.611,516
2022-09-15T00:00:00.000Z,1,403.05,2.84,2.2,4.34,18.718,502
2022-09-16T00:00:00.000Z,0.8,52.22,3.53,2.38,5.69,4.014,488
2022-09-17T00:00:00.000Z,0.1,149.55,0.6,0.4,1.23,8.451,473
2022-09-18T00:00:00.000Z,0.2,80.88,0.8,0.45,1.5,5.061,493
2022-09-19T00:00:00.000Z,0.35,15.73,1.58,1.12,2.15,1.184,489
2022-09-20T00:00:00.000Z,0.6,15.73,2.2,1.14,3.55,1.882,434
2022-09-21T00:00:00.000Z,0.23,15.93,1.2,0.85,1.67,1.242,453
2022-09-22T00:00:00.000Z,0.6,8.65,2.4,1.63,4.95,2.023,507
2022-09-23T00:00:00.000Z,1.8,92.78,4.54,3.6,8,7.273,506
2022-09-24T00:00:00.000Z,5.88,35.83,13.72,9.69,17.29,5.582,520
2022-09-25T00:00:00.000Z,4.3,40.5,12.85,10.35,15,4.686,496
2022-09-26T00:00:00.000Z,1.4,23.05,5.9,4.4,7.95,3.223,462
2022-09-27T00:00:00.000Z,1.2,54.83,5.4,4.09,13.42,5.706,501
2022-09-28T00:00:00.000Z,0.95,101.7,5.98,3.87,9.23,5.701,492
2022-09-29T00:00:00.000Z,1.98,25.05,5.85,4.25,9.43,3.486,479
2022-09-30T00:00:00.000Z,0.5,25,2.58,1.66,3.83,2.135,485
2022-10-01T00:00:00.000Z,0.98,71.83,4.07,2.42,6.07,5.952,455
2022-10-02T00:00:00.000Z,1.2,91.2,2.92,2.29,3.72,5.788,257
2022-10-03T00:00:00.000Z,1.25,26.67,6.7,2.64,13.02,7.404,281
2022-10-04T00:00:00.000Z,12.85,55.58,21.29,17.67,29.35,7.004,322
2022-10-05T00:00:00.000Z,8.98,81.84,29.45,17.94,34.38,12.127,313
2022-10-06T00:00:00.000Z,24.65,247.13,40.15,35.07,46.97,12.488,517
2022-10-07T00:00:00.000Z,9.6,61.4,31.2,17.23,38.85,11.354,515
2022-10-08T00:00:00.000Z,13.48,171.4,22.09,19.63,26.92,8.797,514
2022-10-09T00:00:00.000Z,4.03,41.53,26.9,10.77,33.83,11.437,543
2022-10-10T00:00:00.000Z,4.93,32.35,8.52,7.5,11.19,3.066,529
2022-10-11T00:00:00.000Z,4.09,61.53,14.8,9.8,18.52,7.257,516
2022-10-12T00:00:00.000Z,11.68,70.09,16.1,14.5,19.27,4.765,519
2022-10-13T00:00:00.000Z,20.77,103.18,36.85,24.13,42.53,11.279,535
2022-10-14T00:00:00.000Z,36.38,133.47,46.26,42.39,53.25,10.109,512
2022-10-15T00:00:00.000Z,20.55,98.5,58.9,45.53,66.72,14.02,522
2022-10-16T00:00:00.000Z,37.04,83.38,50.42,46.75,54.45,6.793,419
2022-10-17T00:00:00.000Z,32.2,100.9,49.77,44.92,56.09,10.618,517
2022-10-18T00:00:00.000Z,21.2,59.6,33.25,25.92,45.53,9.749,351
2022-10-21T00:00:00.000Z,13.35,84.13,25.73,19.77,29.7,7.615,515
2022-10-22T00:00:00.000Z,13.9,136.38,20.19,16.63,25.45,10.236,534
2022-10-23T00:00:00.000Z,3.28,122.22,8.24,6,11.02,6.967,518
2022-10-24T00:00:00.000Z,9.18,68.06,15.28,13.43,17.82,4.48,498
2022-10-25T00:00:00.000Z,2.7,96.2,15.38,10.67,20.54,9.094,505
2022-10-26T00:00:00.000Z,6.95,158.93,14.75,9.93,23.83,12.498,507
2022-10-27T00:00:00.000Z,16.27,84.05,27.38,21.95,33.38,7.795,519
2022-10-28T00:00:00.000Z,8,66.05,15.53,13.38,19.69,6.528,480
2022-10-29T00:00:00.000Z,5.68,90.47,11.98,8.11,17.17,7.668,504
2022-10-30T00:00:00.000Z,3.6,85.43,11.19,7.57,16.39,6.736,506
2022-10-31T00:00:00.000Z,4.65,73.56,13.73,9.73,17.67,6.188,527
2022-11-01T00:00:00.000Z,5.3,274.2,11.79,8.5,16.98,13.742,514
2022-11-02T00:00:00.000Z,12.43,163.75,31.91,22.13,36.36,10.752,492
2022-11-03T00:00:00.000Z,6.75,92.15,26.35,21.7,31.13,7.961,523
2022-11-04T00:00:00.000Z,0,80.84,2.29,0.7,4.93,5.275,499
2022-11-05T00:00:00.000Z,1.55,182.95,5.93,4.09,11.09,12.677,504
2022-11-06T00:00:00.000Z,4.59,251,10.23,7.94,12.93,15.702,505
2022-11-07T00:00:00.000Z,6.57,69.55,13.63,10.13,16.19,5.641,537
2022-11-08T00:00:00.000Z,5.45,216.82,10.45,8.27,14.88,12.299,527
2022-11-09T00:00:00.000Z,8.69,135.43,17.64,13.93,24.8,11.026,531
2022-11-10T00:00:00.000Z,11.57,363.05,35.5,25.15,43.47,20.999,525
2022-11-11T00:00:00.000Z,7.4,84.65,29.33,15.77,39.22,13.01,491
2022-11-12T00:00:00.000Z,4.88,150.19,24.52,18.07,28.38,10.327,519
2022-11-13T00:00:00.000Z,3.6,129.75,11.43,8.07,15.93,7.208,539
2022-11-14T00:00:00.000Z,13.77,155.55,21.2,17.85,24.73,7.988,538
2022-11-15T00:00:00.000Z,6,61.53,11.25,9.23,13.06,3.919,517
2022-11-16T00:00:00.000Z,4.34,209.05,15.13,12.05,18.8,11.486,493
2022-11-17T00:00:00.000Z,14.43,116.75,24.23,18.98,27.75,7.848,523
2022-11-18T00:00:00.000Z,3.1,96.43,22.69,16.17,28.92,10.914,506
2022-11-19T00:00:00.000Z,6.9,66,21.5,15.65,31.77,9.719,482
2022-11-20T00:00:00.000Z,2.02,154.97,13.45,10.37,16.71,15.353,537
2022-11-21T00:00:00.000Z,8.15,53.47,16.23,15.09,22.87,8.903,508
2022-11-22T00:00:00.000Z,0.73,40.75,9.27,2.7,14.34,6.867,513
2022-11-23T00:00:00.000Z,4.8,158.82,10.22,8.4,18.66,12.538,524
2022-11-24T00:00:00.000Z,2.92,50.65,9.99,7,14.82,7.233,528
2022-11-25T00:00:00.000Z,10.25,384.38,30.51,15.82,36.22,19.486,514
2022-11-26T00:00:00.000Z,17.23,110.25,35.09,28.85,47.72,14.633,510
2022-11-27T00:00:00.000Z,5.15,107.93,17.32,13.81,19.37,7.006,528
2022-11-28T00:00:00.000Z,6.5,48.63,14.13,11.79,19.64,7.739,485
2022-11-29T00:00:00.000Z,11.25,128.25,20.3,16.3,25.8,11.884,423
2022-11-30T00:00:00.000Z,23.88,166.63,35.79,32.99,38.51,8.685,517
2022-12-01T00:00:00.000Z,21.58,107.9,34.95,27.02,38.22,8.338,463
2022-12-02T00:00:00.000Z,6.7,128.32,10.25,8.82,25.3,13.655,565
2022-12-03T00:00:00.000Z,4.47,71.18,15.38,11.74,18.39,6.348,553
2022-12-04T00:00:00.000Z,1,74.53,9.39,4.71,15.13,7.228,524
2022-12-05T00:00:00.000Z,8.27,38.7,13.6,11.55,17.72,5.166,501
2022-12-06T00:00:00.000Z,5.18,45.1,11.75,7.62,19.3,6.987,529
2022-12-07T00:00:00.000Z,9.63,72.31,21.38,15.73,31.42,10.625,526
2022-12-08T00:00:00.000Z,21.23,58.9,26.7,24.2,30.73,4.959,519
2022-12-09T00:00:00.000Z,4.5,41.5,15.07,10.25,20.1,7.229,502
2022-12-10T00:00:00.000Z,14.82,119.03,27.63,22.89,31.1,10.57,525
2022-12-11T00:00:00.000Z,1.23,92.68,8.5,5.09,11.32,5.562,537
2022-12-12T00:00:00.000Z,11.2,63.78,17.13,15.48,20.92,5.756,498
2022-12-13T00:00:00.000Z,18.89,105.4,27.52,24.17,30.02,5.705,507
2022-12-14T00:00:00.000Z,20.98,269.23,29.8,27.35,34.65,18.6,500
2022-12-15T00:00:00.000Z,8.94,78.68,29.29,17.7,36.47,9.929,510
2022-12-16T00:00:00.000Z,12.57,67.9,18.7,16.64,20.32,5.417,483
2022-12-17T00:00:00.000Z,11.77,46.55,20.3,17.6,22.48,4.575,501
2022-12-18T00:00:00.000Z,22.52,202,35.54,31.3,42.15,12.543,515
2022-12-19T00:00:00.000Z,29.9,141.02,38.58,36.75,41.55,7.705,514
2022-12-20T00:00:00.000Z,23.1,138.52,32.49,29.17,37.38,7.577,522
2022-12-21T00:00:00.000Z,14.63,114.22,28.42,26.19,32.04,7.546,480
2022-12-22T00:00:00.000Z,16.17,157.88,28.83,26.2,31.57,11.207,521
2022-12-23T00:00:00.000Z,24.92,129.85,40.22,38.07,42.39,7.172,360
2022-12-24T00:00:00.000Z,44.17,157.19,51.08,48.92,58.35,8.544,459
2022-12-25T00:00:00.000Z,44.8,331.63,50.99,48.62,56.21,16.839,380
2022-12-26T00:00:00.000Z,27.95,78.59,41.13,32.33,43.73,6.895,397
2022-12-27T00:00:00.000Z,5.85,144.3,27.77,16.23,36.15,11.95,437
2022-12-28T00:00:00.000Z,27.23,114.22,41.25,34.22,45.03,8.801,402
2022-12-29T00:00:00.000Z,18.89,80.43,35.58,33.33,38.04,4.735,451
2022-12-30T00:00:00.000Z,11.27,67.22,24.77,18.32,34.72,8.845,427
2022-12-31T00:00:00.000Z,22.15,720.05,32.99,26.5,36.77,55.423,464
2023-01-01T00:00:00.000Z,16.52,233.15,27.7,23.5,35.72,42.629,499
2023-01-02T00:00:00.000Z,10.88,309.98,25.38,16.05,33.54,15.514,507
2023-01-03T00:00:00.000Z,3.72,58.33,8.85,6.93,11.98,5.479,422
2023-01-04T00:00:00.000Z,8.48,132.43,22.23,11.54,31.56,13.431,461
2023-01-05T00:00:00.000Z,7.9,52.3,18.82,14.35,26.1,9.085,498
2023-01-06T00:00:00.000Z,23.08,124.9,33.67,29.4,36.9,7.706,509
2023-01-07T00:00:00.000Z,9.85,136.47,24.02,15.93,31.33,9.985,506
2023-01-08T00:00:00.000Z,2.95,222.25,11.27,4.78,30.4,15.171,542
2023-01-09T00:00:00.000Z,0.4,80.31,5.85,3.72,9.53,4.94,504
2023-01-10T00:00:00.000Z,0.17,44.85,1.82,0.8,4.93,4.312,518
2023-01-11T00:00:00.000Z,4.7,53.42,10.02,7.63,14.25,5.497,478
2023-01-12T00:00:00.000Z,15.48,149.47,20.34,17.63,25.08,12.832,510
2023-01-13T00:00:00.000Z,15.9,118.78,27.65,24.5,32.29,9.332,446
2023-01-14T00:00:00.000Z,7.25,140.72,24.15,16.7,29.08,12.638,526
2023-01-15T00:00:00.000Z,29.6,83.03,44.17,41.55,53.6,8.02,451
2023-01-16T00:00:00.000Z,13.98,173.32,40.15,30.95,56.19,16.361,485
2023-01-17T00:00:00.000Z,3.3,78.25,30.09,8.35,37.83,15.26,496
2023-01-18T00:00:00.000Z,18.14,141.05,25.35,23.35,31.25,8.069,425
2023-01-19T00:00:00.000Z,1.27,47.28,4.88,2.52,34.79,15.317,536
2023-01-20T00:00:00.000Z,6.07,104.82,12.2,9.81,14.97,6.271,520
2023-01-21T00:00:00.000Z,1.12,45.33,5.4,2.31,8.47,5.083,492
2023-01-22T00:00:00.000Z,5.2,386.83,8.82,6.95,10.44,16.907,545
2023-01-23T00:00:00.000Z,8.27,91.55,12.55,10.95,14.73,5.507,443
2023-01-24T00:00:00.000Z,2.22,67.68,7.25,4.72,8.88,5.813,511
2023-01-25T00:00:00.000Z,10.47,93.03,16.35,14.02,20.6,6.09,482
2023-01-26T00:00:00.000Z,9.88,84.6,15.93,14.13,18.05,5.446,338
2023-01-27T00:00:00.000Z,7.82,182.23,13.88,10.9,15.2,10.546,406
2023-01-28T00:00:00.000Z,15.35,129.32,23.42,20.13,27.67,7.843,515
2023-01-29T00:00:00.000Z,14.95,235.13,23.7,20.55,25.1,15.243,511
2023-01-30T00:00:00.000Z,15.95,74.18,29.44,23.85,31.77,5.566,462
2023-01-31T00:00:00.000Z,24.63,109.78,43.15,39.86,45.68,7.229,461
2023-02-01T00:00:00.000Z,2.63,123.45,12.23,5.69,19.64,13.157,508
2023-02-02T00:00:00.000Z,1.7,74.03,12.68,7.8,14.6,7.424,454
2023-02-03T00:00:00.000Z,2.88,133.52,11.61,4.82,16.39,8.843,388
2023-02-04T00:00:00.000Z,0.4,96.4,13.8,1.95,16.75,24.175,559
2023-02-05T00:00:00.000Z,1.27,13.93,2.78,2.33,3.3,1.831,475
2023-02-06T00:00:00.000Z,2,41,3.67,2.72,7.8,4.643,442
2023-02-07T00:00:00.000Z,5.65,105.95,9.31,7.49,12.17,5.787,448
2023-02-08T00:00:00.000Z,7.28,86.32,16.87,13.09,19.16,5.999,404
2023-02-09T00:00:00.000Z,6.9,61.22,9.55,8.4,16.16,5.831,461
2023-02-10T00:00:00.000Z,14.48,308.89,24.85,20.39,25.95,22.953,460
2023-02-11T00:00:00.000Z,18.27,48.7,30,27.63,35.04,5.03,429
2023-02-12T00:00:00.000Z,19.25,101.85,36.04,28.75,41.75,7.947,486
2023-02-13T00:00:00.000Z,22.85,146.18,45.5,42.93,48.55,9.961,372
2023-02-14T00:00:00.000Z,36.2,404.52,47.03,45.3,49.2,23.752,435
2023-02-15T00:00:00.000Z,25.4,149.4,49.42,44.7,51.35,11.469,370
2023-02-16T00:00:00.000Z,3.28,108.28,27.73,8.03,45.7,18.394,405
2023-02-17T00:00:00.000Z,6.28,164.15,10.09,8.38,15.49,9.458,388
2023-02-18T00:00:00.000Z,3.13,154.44,10.76,7.67,16.05,11.51,504
2023-02-19T00:00:00.000Z,6.32,78.2,14.04,11.2,20.27,16.787,442
2023-02-20T00:00:00.000Z,30.6,230.82,76.63,55.07,84.15,18.727,514
2023-02-21T00:00:00.000Z,18.85,84.82,37.42,28.6,52.66,14.057,497
2023-02-22T00:00:00.000Z,12.75,126.9,58.38,31.95,96.52,31.725,397
2023-02-23T00:00:00.000Z,25.17,156.75,66.63,31.27,80.31,24.535,378
2023-02-24T00:00:00.000Z,35.2,302.38,56.16,40.63,64.43,18.045,500
2023-02-25T00:00:00.000Z,7.32,76.93,30.23,19.35,39.25,11.833,411
2023-02-26T00:00:00.000Z,0.2,74.97,1.9,0.65,25.23,12.92,295
2023-04-30T00:00:00.000Z,1.2,15.55,2.4,1.98,7.15,3.039,163
2023-05-01T00:00:00.000Z,1.65,202.02,5.13,4.15,9.38,9.284,573
2023-05-02T00:00:00.000Z,0.5,129.82,3.42,2.66,5.57,13.982,564
2023-05-03T00:00:00.000Z,1.35,17.57,3.47,2.64,4.09,1.542,413
2023-05-04T00:00:00.000Z,2.85,43.97,6.65,5.31,8.41,3.759,573
2023-05-05T00:00:00.000Z,1.48,23.9,15.25,9.05,20.47,7.041,401
2023-05-06T00:00:00.000Z,1.3,58.7,5.03,2.22,7.39,5.731,577
2023-05-07T00:00:00.000Z,0.4,26.6,1.38,1,2.02,2.381,454
2023-05-08T00:00:00.000Z,1.02,40.47,4.8,3.48,7.05,3.253,564
2023-05-09T00:00:00.000Z,4.5,18.02,8.55,7.43,9.88,1.9,582
2023-05-10T00:00:00.000Z,1.95,152.38,5.2,3.5,9.85,13.652,578
2023-05-11T00:00:00.000Z,0.2,36.1,3.55,1.95,5.5,3.181,567
2023-05-12T00:00:00.000Z,0.2,37.7,2.22,1.55,3.85,2.71,579
2023-05-13T00:00:00.000Z,0.73,10.6,1.83,1.3,4.28,2.286,574
2023-05-14T00:00:00.000Z,0.3,22.63,1.8,1.2,2.6,2.368,577
2023-05-15T00:00:00.000Z,0.8,35.6,3.95,2.29,5.15,2.668,573
2023-05-16T00:00:00.000Z,0.93,18.75,3.53,2.15,8.19,4.714,457
2023-05-17T00:00:00.000Z,0.3,161.05,4.28,2,7.13,12.993,462
2023-05-18T00:00:00.000Z,1.3,14.02,2.92,2.25,3.8,1.376,211
2023-05-19T00:00:00.000Z,3.3,23.85,5.97,5.18,8.68,2.82,569
2023-05-20T00:00:00.000Z,1.2,34.13,4.8,2.92,7.31,3.586,584
2023-05-21T00:00:00.000Z,1.05,111.7,5.85,3.58,7.5,8.748,579
2023-05-22T00:00:00.000Z,5.05,43.05,6.85,5.95,8.63,2.386,539
2023-05-23T00:00:00.000Z,3.42,22.88,8.43,5.19,11.5,3.975,573
2023-05-24T00:00:00.000Z,1.9,47.97,7.44,4.4,11.25,5.972,578
2023-05-25T00:00:00.000Z,1.73,24.13,4.82,3.25,6.4,2.598,535
2023-05-26T00:00:00.000Z,1.45,23.2,11.67,7.45,19.02,6.236,426
2023-05-27T00:00:00.000Z,2.02,36.6,8.02,6.59,10.38,3.063,464
2023-05-28T00:00:00.000Z,6.9,22.92,10.45,9.15,12.5,2.388,486
2023-05-29T00:00:00.000Z,3,128.3,8.59,6.4,10.93,6.955,498
2023-05-30T00:00:00.000Z,4.43,32.63,8.15,7.18,9.25,2.297,571
2023-05-31T00:00:00.000Z,3.42,10.4,5.47,4.8,6.45,1.167,354
2023-06-01T00:00:00.000Z,4.09,119.7,6.63,5.81,7.92,4.975,560
2023-06-02T00:00:00.000Z,2.1,30.45,5.8,4.07,7.4,2.509,573
2023-06-03T00:00:00.000Z,1.7,19.3,5.53,3.53,6.35,2.456,451
2023-06-04T00:00:00.000Z,0.8,20.55,5.34,3.09,8.38,4.542,580
2023-06-05T00:00:00.000Z,1.02,17.98,5.97,2.6,8.13,2.975,565
2023-06-06T00:00:00.000Z,2.7,28.65,12.88,5.24,22.38,8.127,364
2023-06-07T00:00:00.000Z,2.8,26.85,6.07,4.72,7.7,2.755,574
2023-06-08T00:00:00.000Z,2.2,30.5,6.1,3.5,10.09,4.555,433
2023-06-09T00:00:00.000Z,2.65,40.58,6.68,4.92,9.38,5.055,568
2023-06-10T00:00:00.000Z,1.98,54.8,3.58,3.1,4.12,2.62,576
2023-06-11T00:00:00.000Z,1.3,125.5,6.04,4.34,7.68,5.597,582
2023-06-12T00:00:00.000Z,0.88,38.29,2.83,2.02,4.5,3.517,576
2023-06-13T00:00:00.000Z,1.7,25.08,7.99,4.59,9.68,3.498,572
2023-06-14T00:00:00.000Z,2,26.73,6.53,4.9,7.9,3.326,561
2023-06-15T00:00:00.000Z,2.9,13.38,6.55,5.22,8.68,2.258,582
2023-06-16T00:00:00.000Z,3.1,130.44,7.2,4.32,9.32,6.179,577
2023-06-17T00:00:00.000Z,3.53,20.7,6.5,4.82,9.07,2.546,571
2023-06-18T00:00:00.000Z,2.27,40.04,5.33,4.2,8.82,3.296,580
2023-06-19T00:00:00.000Z,2.7,495.85,5.45,4.82,6.3,25.605,373
2023-06-20T00:00:00.000Z,2.65,12.85,3.7,3.26,4.4,1.313,145
2023-06-21T00:00:00.000Z,3.05,27.95,3.97,3.67,4.79,2.354,308
2023-06-22T00:00:00.000Z,4.07,105.53,7.85,6.83,9.65,6.047,395
2023-06-23T00:00:00.000Z,0.7,31.02,4.88,3.63,6.06,2.842,296
2023-06-24T00:00:00.000Z,1.73,12.6,3.5,3.03,3.88,0.994,375
2023-06-25T00:00:00.000Z,0.55,5.09,1.73,1.1,2.6,0.903,486
2023-06-26T00:00:00.000Z,2.9,14.85,3.92,3.58,4.43,2.315,233
2023-06-27T00:00:00.000Z,3.42,52.63,5.96,4.59,7.6,3.44,268
2023-06-28T00:00:00.000Z,3.4,8.19,4.4,3.95,6.6,1.527,79
2023-06-29T00:00:00.000Z,0.98,19.92,2.35,1.75,3.33,2.205,503
2023-06-30T00:00:00.000Z,4.07,41.13,7.47,6.67,9.86,3.652,540
2023-07-01T00:00:00.000Z,4.9,47.88,23.75,12.95,27.73,9.911,123
2023-07-02T00:00:00.000Z,1.77,6.63,3.8,3.29,4.21,0.814,73
2023-07-03T00:00:00.000Z,2.29,20.13,3.09,2.65,4.13,2.226,100
2023-07-04T00:00:00.000Z,4.47,5.95,5.35,4.5,5.43,0.495,7
2023-07-05T00:00:00.000Z,1.3,15.25,3.21,1.8,4.03,1.927,64
2023-07-06T00:00:00.000Z,1.1,17.89,2.7,1.92,6.78,3.312,159
2023-07-07T00:00:00.000Z,1.45,11.4,3.7,2.9,4.5,1.116,517
2023-07-08T00:00:00.000Z,3.1,12.02,4.34,4.03,4.71,1.057,345
2023-07-09T00:00:00.000Z,2.6,14.23,5.25,4.5,5.82,1.522,358
2023-07-10T00:00:00.000Z,3.27,23.55,6.32,5.55,6.88,1.553,346
2023-07-11T00:00:00.000Z,3.38,27.6,5.38,4.78,10,5.477,538
2023-07-12T00:00:00.000Z,0.9,37.2,4.2,2.54,5,2.617,550
2023-07-13T00:00:00.000Z,1.4,13.68,3.5,2.59,4.22,1.221,552
2023-07-14T00:00:00.000Z,1.4,24.77,3.8,2.88,4.43,1.769,542
2023-07-15T00:00:00.000Z,2.83,30.8,5.09,4.34,5.93,1.857,578
2023-07-16T00:00:00.000Z,2.47,11.9,4.75,3.72,6.75,1.885,582
2023-07-17T00:00:00.000Z,2.65,32.88,4.62,3.95,5.43,2.566,386
2023-07-18T00:00:00.000Z,4.78,19.55,6.55,6.07,7.35,1.238,583
2023-07-19T00:00:00.000Z,3.85,200.4,7.49,5.21,8.57,9.384,472
2023-07-20T00:00:00.000Z,3.63,15.95,6.1,5.03,7.47,1.695,565
2023-07-21T00:00:00.000Z,1.5,12.5,3.2,2.52,6.57,2.672,579
2023-07-22T00:00:00.000Z,2.29,46.1,4.43,3.67,5.82,2.552,581
2023-07-23T00:00:00.000Z,5.07,15.45,10.15,9.13,11.13,2.013,581
2023-07-24T00:00:00.000Z,2.4,14.9,9.98,5.63,11.85,3.62,586
2023-07-25T00:00:00.000Z,0.4,10.85,4.2,2.37,4.75,1.621,581
2023-07-26T00:00:00.000Z,0.03,11.8,1.07,0.6,1.52,1.026,576
2023-07-27T00:00:00.000Z,0.6,6.72,1.42,1.1,2.02,0.789,579
2023-07-28T00:00:00.000Z,1.4,19.1,2.65,2.2,3.1,0.946,582
2023-07-29T00:00:00.000Z,0.93,5.85,2.67,2.47,2.92,0.483,582
2023-07-30T00:00:00.000Z,0.88,23.15,2.8,2.08,3.95,2.53,580
2023-07-31T00:00:00.000Z,1.6,13.63,3.5,2.52,4.8,2.549,577
2023-08-01T00:00:00.000Z,0.8,43.63,4.5,3.58,5.8,2.865,581
2023-08-02T00:00:00.000Z,1.7,14.02,4.8,3.95,5.87,2.099,573
2023-08-03T00:00:00.000Z,1.4,15.48,4.22,2.4,4.75,1.509,571
2023-08-04T00:00:00.000Z,1.3,12.93,2.62,2.2,3.25,1.291,584
2023-08-05T00:00:00.000Z,0.15,61.8,1.97,0.6,4.9,4.112,582
2023-08-06T00:00:00.000Z,0.1,15.05,0.7,0.5,1.1,1.177,581
2023-08-07T00:00:00.000Z,0,10.32,0.4,0.3,0.7,0.52,582
2023-08-08T00:00:00.000Z,0.38,4.32,1,0.7,1.6,0.7,587
2023-08-09T00:00:00.000Z,0.82,35.72,1.63,1.33,2.2,1.852,580
2023-08-10T00:00:00.000Z,1.1,6.2,2.15,1.65,3.1,1.08,566
2023-08-11T00:00:00.000Z,1.23,9.38,2.15,1.85,2.8,1.43,579
2023-08-12T00:00:00.000Z,1.5,9.73,2.72,2.42,3.32,1.288,585
2023-08-13T00:00:00.000Z,1.5,10.68,2.9,2.52,3.42,1.691,526
2023-08-14T00:00:00.000Z,2,13.4,3.33,2.9,4.23,0.983,464
2023-08-15T00:00:00.000Z,2.13,9.43,3.2,2.9,3.85,1.218,554
2023-08-16T00:00:00.000Z,1.5,10.02,4.68,4.09,5.93,1.756,586
2023-08-17T00:00:00.000Z,1.2,7.68,3.67,2.57,4.4,1.274,569
2023-08-18T00:00:00.000Z,1.92,19.13,4.23,3.13,6.18,3.777,582
2023-08-19T00:00:00.000Z,5.09,85.25,8.75,7.19,9.55,3.919,581
2023-08-20T00:00:00.000Z,5.07,23.1,7,6.25,8.19,1.94,566
2023-08-21T00:00:00.000Z,4.3,22.7,7.78,5.75,8.55,1.902,566
2023-08-22T00:00:00.000Z,4.2,12.75,8.47,6.57,9.25,1.967,584
2023-08-23T00:00:00.000Z,5.35,11.68,7.78,6.63,8.8,1.401,582
2023-08-24T00:00:00.000Z,4.18,16.52,9.19,6.67,10.19,2.34,580
2023-08-25T00:00:00.000Z,3.8,26.88,7.22,6.09,9.44,3.985,568
2023-08-26T00:00:00.000Z,0.95,84.45,5.38,4.55,6.1,4.637,589
2023-08-27T00:00:00.000Z,1.58,27.4,6.07,4.4,10.35,3.814,567
2023-08-28T00:00:00.000Z,0.2,40.7,1.6,0.6,8.05,4.821,578
2023-08-29T00:00:00.000Z,0.1,72.09,0.5,0.35,1.12,4.818,578
2023-08-30T00:00:00.000Z,0.1,143.19,2.02,1,2.7,7.219,580
2023-08-31T00:00:00.000Z,0.75,176.1,2.08,1.42,2.6,13.237,579
2023-09-01T00:00:00.000Z,1.58,36.63,2.45,2.2,2.88,1.964,570
2023-09-02T00:00:00.000Z,1.45,18.6,4.22,2.9,5.72,2.275,568
2023-09-03T00:00:00.000Z,1.5,30.33,5.85,3.13,6.9,3.896,573
2023-09-04T00:00:00.000Z,2.47,28.92,5.92,3.7,9.48,3.351,576
2023-09-05T00:00:00.000Z,1.67,76.25,2.88,2.47,4.13,3.754,578
2023-09-06T00:00:00.000Z,2.85,24.15,6.21,4.46,7.64,2.414,580
2023-09-07T00:00:00.000Z,2.6,22,5.82,4.9,6.53,1.552,587
2023-09-08T00:00:00.000Z,3.3,68.18,6.22,4.7,9.82,4.513,583
2023-09-09T00:00:00.000Z,4.5,32.9,9.81,7.04,12.45,3.437,576
2023-09-10T00:00:00.000Z,8.75,73.78,13.9,10.77,17.73,12.221,575
2023-09-11T00:00:00.000Z,6.6,40.92,14.1,9.35,29.48,10.879,579
2023-09-12T00:00:00.000Z,3.58,44.95,6.72,4.82,14.09,12.308,580
2023-09-13T00:00:00.000Z,3.9,19.27,7,5.57,8.9,2.654,559
2023-09-14T00:00:00.000Z,1.4,47.9,8.6,5.15,14.05,5.424,579
2023-09-15T00:00:00.000Z,1.33,18.92,5.85,4.7,7.3,2.764,567
2023-09-16T00:00:00.000Z,5.5,28.48,9.68,7.25,12.75,3.944,585
2023-09-17T00:00:00.000Z,3.4,56.65,8.4,6.31,11.06,3.998,581
2023-09-18T00:00:00.000Z,3.9,83.68,14.89,6.8,23,10.943,570
2023-09-19T00:00:00.000Z,1.65,33.1,4.82,3.3,6.77,2.981,548
2023-09-20T00:00:00.000Z,0.77,28.92,6.18,3.53,11.29,6.037,553
2023-09-21T00:00:00.000Z,4.2,16.6,6.88,6.05,8.43,1.777,582
2023-09-22T00:00:00.000Z,0.98,18.45,4.22,2.2,6.18,2.488,576
2023-09-23T00:00:00.000Z,0.2,42.13,1.6,0.88,2.5,3.179,566
2023-09-24T00:00:00.000Z,0.3,13.1,1.8,0.88,2.7,1.947,575
2023-09-25T00:00:00.000Z,0.9,20.32,2.1,1.67,2.84,1.515,585
2023-09-26T00:00:00.000Z,1.67,33.42,3.45,2.72,6.38,3.255,559
2023-09-27T00:00:00.000Z,2.78,33.67,7.05,4.82,8.57,2.962,562
2023-09-28T00:00:00.000Z,4.15,24.98,9.94,5.28,12.35,3.969,583
2023-09-29T00:00:00.000Z,5.85,35.7,12.63,10.5,14.38,3.204,586
2023-09-30T00:00:00.000Z,7.7,32.53,17.23,13.2,24.69,6.601,572
2023-10-01T00:00:00.000Z,10.5,73.03,21.12,14.43,25.67,7.578,536
2023-10-02T00:00:00.000Z,14.57,54.25,27,22.42,33.96,8.691,537
2023-10-03T00:00:00.000Z,7.07,117.05,33.64,20.07,49.49,20.572,568
2023-10-04T00:00:00.000Z,8.4,52.08,17.2,12.32,24.05,7.837,571
2023-10-05T00:00:00.000Z,4.5,117.32,11.73,6.8,15.1,11.173,569
2023-10-06T00:00:00.000Z,13.5,65.28,25.38,21.42,28.27,5.671,562
2023-10-07T00:00:00.000Z,16.77,334.15,29.2,26.52,35.04,22.613,561
2023-10-08T00:00:00.000Z,3.75,45.42,10,7.87,18.29,11.72,565
2023-10-09T00:00:00.000Z,2.95,16.14,5.3,4.63,6.03,1.74,558
2023-10-10T00:00:00.000Z,4.18,22.35,8.3,6.25,11.57,3.424,517
2023-10-11T00:00:00.000Z,7.32,149.43,26.38,19.48,30.73,10.342,557
2023-10-12T00:00:00.000Z,7.63,40.33,17.55,10.18,21.42,7.228,563
2023-10-13T00:00:00.000Z,4.13,26.88,8.24,5.64,11.34,4.286,548
2023-10-14T00:00:00.000Z,4.22,58.45,7.55,6.12,9.22,3.72,561
2023-10-15T00:00:00.000Z,0.2,67.81,2.33,0.73,12.73,6.526,574
2023-10-16T00:00:00.000Z,0.2,13.52,1.02,0.6,1.92,1.183,566
2023-10-17T00:00:00.000Z,2.58,36.7,4.8,3.67,7.68,3.603,562
2023-10-18T00:00:00.000Z,5.45,54,10.7,7.88,17.7,7.174,550
2023-10-19T00:00:00.000Z,6.2,84,14.88,12.35,27.8,8.496,555
2023-10-20T00:00:00.000Z,0.47,201.45,6.7,4.3,8.52,9.551,579
2023-10-21T00:00:00.000Z,0.6,45.97,6.06,3.6,8.53,4.325,572
2023-10-22T00:00:00.000Z,0.4,22.83,2.97,1.5,6.07,2.73,579
2023-10-23T00:00:00.000Z,2.67,49.6,4.4,3.8,5.28,2.853,581
2023-10-24T00:00:00.000Z,2.15,63.45,6.8,5.25,12.68,5.335,578
2023-10-25T00:00:00.000Z,9.07,71.65,20.6,16.8,31.77,8.849,583
2023-10-26T00:00:00.000Z,17.39,55.4,29.27,23.69,32.1,5.437,573
2023-10-27T00:00:00.000Z,0.85,121.13,8.3,6.32,11.32,7.672,577
2023-10-28T00:00:00.000Z,2.4,40.78,5.88,4.88,7.87,4.236,588
2023-10-29T00:00:00.000Z,1.38,21.23,3.51,2.22,6,2.583,578
2023-10-30T00:00:00.000Z,2.33,313.05,14.52,8.68,17.64,18.144,583
2023-10-31T00:00:00.000Z,0.1,173.48,2.5,0.43,8.94,9.28,587
2023-11-01T00:00:00.000Z,1.3,165.35,3.7,2.93,6.14,11.616,548
2023-11-02T00:00:00.000Z,0.88,231.68,5.07,2.49,7.79,13.743,553
2023-11-03T00:00:00.000Z,0.1,24.25,4.44,0.8,6.98,4.86,560
2023-11-04T00:00:00.000Z,0.9,137,3.08,2.29,3.72,6.292,587
2023-11-05T00:00:00.000Z,0.3,66.68,1.6,0.98,3.83,4.988,585
2023-11-06T00:00:00.000Z,2.45,103.22,6,4.43,7.2,5.374,571
2023-11-07T00:00:00.000Z,2.42,76.4,10.42,6.38,15.67,9.88,572
2023-11-08T00:00:00.000Z,2.97,62.88,5.63,4.7,10.68,5.56,574
2023-11-09T00:00:00.000Z,2.67,99.63,5.77,4.68,7.15,5.585,540
2023-11-10T00:00:00.000Z,1.73,49.22,5.53,4.59,11.4,6.798,567
2023-11-11T00:00:00.000Z,0.77,56.95,5.63,2.6,11.43,9.179,577
2023-11-12T00:00:00.000Z,7.8,106.35,17.23,14.99,23.42,7.537,356
2023-11-13T00:00:00.000Z,10.85,64.47,15.88,14.85,17.38,4.072,575
2023-11-14T00:00:00.000Z,15.95,75.95,22.72,20.1,34.9,8.771,582
2023-11-15T00:00:00.000Z,4.07,48.72,18.48,10.21,22.79,9.203,576
2023-11-16T00:00:00.000Z,4.45,34.83,10.69,6.53,26.84,10.286,580
2023-11-17T00:00:00.000Z,0.2,81.88,3.28,1.13,10.43,6.824,573
2023-11-18T00:00:00.000Z,0.63,322.7,2.88,1.82,11.7,25.083,561
2023-11-19T00:00:00.000Z,10.48,65.2,14.55,13.45,15.88,4.043,579
2023-11-20T00:00:00.000Z,8.77,54.75,24.57,17.05,33.1,9.424,578
2023-11-21T00:00:00.000Z,15.4,590.33,31.15,23.62,36.65,24.603,577
2023-11-22T00:00:00.000Z,1.6,44.6,13.63,6.18,16.25,5.632,583
2023-11-23T00:00:00.000Z,6.07,105.55,12.99,9.5,14.85,6.034,586
2023-11-24T00:00:00.000Z,0.2,95.97,12.73,10.7,18.2,6.432,579
2023-11-25T00:00:00.000Z,0.1,104.45,0.73,0.35,1.77,5.26,579
2023-11-26T00:00:00.000Z,1.08,91.82,3.2,2.4,4.48,5.238,576
2023-11-27T00:00:00.000Z,4.72,43.78,8.23,7.2,9.35,2.895,578
2023-11-28T00:00:00.000Z,0.6,63.25,14.05,8.63,23.95,10.483,583
2023-11-29T00:00:00.000Z,0.25,304.14,6.2,1.3,14.73,16.357,574
2023-11-30T00:00:00.000Z,6.38,183.82,15.75,8.98,23.79,17.853,581
2023-12-01T00:00:00.000Z,15.25,80.7,24.75,21.48,29.55,5.414,574
2023-12-02T00:00:00.000Z,0.3,60.38,3.15,1.1,16.62,8.497,521
2023-12-03T00:00:00.000Z,1.1,42.63,2.9,2.29,7.13,3.694,583
2023-12-04T00:00:00.000Z,6.07,108.32,10.57,8.98,12.3,5.403,583
2023-12-05T00:00:00.000Z,17.14,92.2,26.48,22.58,29.73,6.114,578
2023-12-06T00:00:00.000Z,16.6,231.85,25.05,20.9,28.95,14.315,587
2023-12-07T00:00:00.000Z,10,44.2,22.33,17.64,31.3,7.511,584
2023-12-08T00:00:00.000Z,10,43.13,14.18,12.95,17.42,4.971,586
2023-12-09T00:00:00.000Z,17.05,110.78,31.99,28.58,34.38,5.85,558
2023-12-10T00:00:00.000Z,5.78,48.45,22.67,15.89,28.33,7.964,589
2023-12-11T00:00:00.000Z,21.1,75.68,36.61,32.77,43.15,7.157,580
2023-12-12T00:00:00.000Z,26.92,59.42,39.39,33.08,42.85,6.089,586
2023-12-13T00:00:00.000Z,14.3,205.85,33.9,26.9,37.67,10.159,586
2023-12-14T00:00:00.000Z,26.65,98.4,36.4,33.75,38.38,5.517,586
2023-12-15T00:00:00.000Z,10.7,89.97,19.75,15.43,22.79,6.82,584
2023-12-16T00:00:00.000Z,3.83,273.73,8.73,6.2,16.98,12.941,586
2023-12-17T00:00:00.000Z,11.15,78.31,21.42,16.38,39.25,13.06,587
2023-12-18T00:00:00.000Z,10,129.57,27.7,17.39,34.9,11.998,583
2023-12-19T00:00:00.000Z,7.72,95.2,23.44,13.9,30,9.677,582
2023-12-20T00:00:00.000Z,25.15,57.7,31.33,29.5,35.33,4.267,583
2023-12-21T00:00:00.000Z,6.82,93.88,36.99,30.33,41.45,12.389,590
2023-12-22T00:00:00.000Z,0.2,50.63,2.9,1,6.18,4.664,575
2023-12-23T00:00:00.000Z,1.7,120.55,3.38,2.7,4.07,6.561,586
2023-12-24T00:00:00.000Z,2.29,92.97,3.45,3.1,3.94,6.774,580
2023-12-25T00:00:00.000Z,3.7,70.75,6.65,5.57,8.15,4.359,586
2023-12-26T00:00:00.000Z,10.85,169.23,19.57,17.55,24.1,12.767,518
2023-12-27T00:00:00.000Z,13.5,50.83,24.63,19.88,27.34,4.559,581
2023-12-28T00:00:00.000Z,9.8,48.55,17.52,13.75,27.74,7.329,584
2023-12-29T00:00:00.000Z,15.13,49.53,21.13,19.02,25.3,4.213,575
2023-12-30T00:00:00.000Z,20.38,212.15,29.4,25.42,31.79,10.776,588
2023-12-31T00:00:00.000Z,26.25,204.85,38.95,32.83,46.17,14.493,578
2024-01-01T00:00:00.000Z,8.65,80.84,20.88,17.91,23.45,8.047,584
2024-01-02T00:00:00.000Z,11.73,42.33,17.77,16.16,21.38,4.32,493
2024-01-03T00:00:00.000Z,4.34,138.47,15.75,12.29,21.37,11.459,572
2024-01-04T00:00:00.000Z,6.65,44.38,15,11.1,19.17,4.671,587
2024-01-05T00:00:00.000Z,3.55,39.54,14.15,5.55,32.83,12.631,579
2024-01-06T00:00:00.000Z,1.9,58.53,11.12,8.3,14.49,5.474,584
2024-01-07T00:00:00.000Z,1.3,41.47,6.9,4.76,10.57,3.902,585
2024-01-08T00:00:00.000Z,0.5,44.97,3.97,1.36,6.52,3.732,585
2024-01-09T00:00:00.000Z,4.38,18.52,7.1,5.8,8.43,1.628,586
2024-01-10T00:00:00.000Z,6.55,53.1,9.63,8.25,10.79,2.888,585
2024-01-11T00:00:00.000Z,10.75,74.95,18.2,16.09,21.56,4.943,585
2024-01-12T00:00:00.000Z,14.13,56.22,25.88,22.63,28.2,4.708,589
2024-01-13T00:00:00.000Z,20.88,151.77,31.98,24.99,40.36,10.121,584
2024-01-14T00:00:00.000Z,12.63,157.94,25.03,20.6,34.38,12.601,580
2024-01-15T00:00:00.000Z,12.48,65.3,37.99,29.65,50.12,13.302,580
2024-01-16T00:00:00.000Z,23.45,187.63,54.28,41.36,59.59,13.404,584
2024-01-17T00:00:00.000Z,5.05,63.08,28,18.52,53.55,17.849,583
2024-01-18T00:00:00.000Z,13.9,66.53,49.88,45.8,52.65,12.606,468
2024-01-19T00:00:00.000Z,1.27,49.65,25.5,3.24,32.24,14.749,581
2024-01-20T00:00:00.000Z,1.4,68.06,3.75,2.7,5.97,5.286,589
2024-01-21T00:00:00.000Z,3.97,176.18,11.8,9.27,17.98,10.849,587
2024-01-22T00:00:00.000Z,7.5,29.8,18.05,12.17,23.38,6.213,584
2024-01-23T00:00:00.000Z,11.2,43.28,16.89,14.34,21.31,6.127,580
2024-01-24T00:00:00.000Z,15.5,89.53,34.46,27.27,38.28,7.802,570
2024-01-25T00:00:00.000Z,33.88,86.68,61.71,58.21,65.86,10.448,588
2024-01-26T00:00:00.000Z,43.25,247.05,76.03,69.55,81.5,13.873,590
2024-01-27T00:00:00.000Z,33.2,79.43,56.94,47.39,67.55,12.155,584
2024-01-28T00:00:00.000Z,33.33,79.22,48.35,41.99,56.08,9.6,584
2024-01-29T00:00:00.000Z,27.67,76.95,45.2,36.9,49.25,8.128,583
2024-01-30T00:00:00.000Z,23.2,102.35,45.79,36.13,60.25,13.817,590
2024-01-31T00:00:00.000Z,24.83,137.77,39.53,34.45,48.46,10.635,588
2024-02-01T00:00:00.000Z,21.65,114.82,42.27,34.47,49.17,9.821,556
2024-02-02T00:00:00.000Z,32.75,61.97,48.13,39.38,52.83,7.021,542
2024-02-03T00:00:00.000Z,6.05,74.22,32.61,9.31,53.04,21.263,576
2024-02-04T00:00:00.000Z,5.95,151.8,11.63,9.56,21.07,9.737,573
2024-02-05T00:00:00.000Z,4.82,113.13,11.88,7.75,19.77,25.647,587
2024-02-06T00:00:00.000Z,39.5,276.85,104.73,86.92,108.81,17.981,588
2024-02-07T00:00:00.000Z,10.07,303.98,45,16.04,74.84,34.006,581
2024-02-08T00:00:00.000Z,13.35,42.2,20.95,19.52,22.8,4.915,559
2024-02-09T00:00:00.000Z,7.78,58.55,33.39,16.16,49.13,16.25,580
2024-02-10T00:00:00.000Z,0.5,176.8,2.72,1.63,3.67,7.837,577
2024-02-11T00:00:00.000Z,1,70.03,4.28,3.05,7.25,5.443,586
2024-02-12T00:00:00.000Z,8.77,89.2,20.9,17.95,24.4,5.793,583
2024-02-13T00:00:00.000Z,3.65,80.53,16.45,12.53,21.6,7.219,585
2024-02-14T00:00:00.000Z,6.47,33.79,13.9,12.1,15.51,3.447,585
2024-02-15T00:00:00.000Z,20.52,84.8,32.75,25.15,35.54,7.637,573
2024-02-16T00:00:00.000Z,40.17,136.35,58.08,45.35,69.64,12.868,588
2024-02-17T00:00:00.000Z,42.35,303.39,68.64,55.2,74.13,17.156,586
2024-02-18T00:00:00.000Z,85.32,192.38,102.47,97.43,119.78,13.865,586
2024-02-19T00:00:00.000Z,58.83,146.97,96.2,84.6,106.09,15.922,588
2024-02-20T00:00:00.000Z,50.95,114.5,87.42,67.2,99.22,17.617,590
2024-02-21T00:00:00.000Z,26.13,232.63,54.1,44.08,57.54,16.57,585
2024-02-22T00:00:00.000Z,6.85,65.31,27.7,14.93,59.35,21.885,588
2024-02-23T00:00:00.000Z,1.27,87.53,6.47,3,9.14,7.358,589
2024-02-24T00:00:00.000Z,1.1,48.83,8.35,4.22,15.6,8.553,586
2024-02-25T00:00:00.000Z,1.7,49.45,5.07,3.03,9.11,4.41,584
2024-02-26T00:00:00.000Z,0.95,53.63,2.52,1.92,3.15,2.507,584
2024-02-27T00:00:00.000Z,0.1,32.88,3.53,1,5.95,3.05,586
2024-02-28T00:00:00.000Z,1.6,54.55,4.78,3.74,6.32,5.221,589
2024-02-29T00:00:00.000Z,2.75,57.17,8.16,5.75,10.27,3.83,588
2024-03-01T00:00:00.000Z,1.9,42.53,5,3.9,7.82,3.658,519
2024-03-02T00:00:00.000Z,0.8,117.4,6.55,4.72,10.19,5.904,584
2024-03-03T00:00:00.000Z,0.7,41.38,3.58,2.4,7.87,4.086,584
2024-03-04T00:00:00.000Z,0.3,38.35,2.13,1.07,5.2,3.073,577
2024-03-05T00:00:00.000Z,0.3,76.88,5.7,2.72,8.23,5.65,583
2024-03-06T00:00:00.000Z,0.3,199.82,2.4,1.25,3.7,14.052,580
2024-03-07T00:00:00.000Z,2.17,68.72,8.44,5.87,10.68,4.559,561
2024-03-08T00:00:00.000Z,8.43,112.65,12.4,10.3,14.82,5.632,578
2024-03-09T00:00:00.000Z,5.43,65.8,13.32,12.23,14.7,3.322,570
2024-03-10T00:00:00.000Z,0.4,98.45,2.8,1.2,6.56,5.297,581
2024-03-11T00:00:00.000Z,1.5,59.83,5.88,4.13,7.72,4.145,551
2024-03-12T00:00:00.000Z,0.1,34.83,3.42,1.17,5.97,4.806,579
2024-03-13T00:00:00.000Z,1.7,60.47,4.05,3.25,24.3,11.43,579
2024-03-14T00:00:00.000Z,1.58,135.9,9.35,3,31.84,14.438,577
2024-03-15T00:00:00.000Z,1.38,152.15,2.85,2.27,3.47,11.429,579
2024-03-16T00:00:00.000Z,2.7,217.6,6.2,4.7,9.15,10.308,583
2024-03-17T00:00:00.000Z,3.15,46.22,21.67,16.64,25.65,8.358,571
2024-03-18T00:00:00.000Z,1.1,214.88,4.7,3.4,7.39,16.54,581
2024-03-19T00:00:00.000Z,21.58,70.4,37.25,28.52,43.49,8.269,584
2024-03-20T00:00:00.000Z,13.52,107.15,28.41,19.89,35.96,9.389,580
2024-03-21T00:00:00.000Z,6.65,50.4,27.48,13.1,32.28,11.052,582
2024-03-22T00:00:00.000Z,25.4,75,45.1,39.04,63.03,11.934,507
2024-03-23T00:00:00.000Z,0.88,109.9,12.5,6.11,36.5,16.078,540
2024-03-24T00:00:00.000Z,0,53.25,0.7,0.43,1.73,4.648,570
2024-03-25T00:00:00.000Z,0.3,12.65,1.41,0.8,3.2,2.289,586
2024-03-26T00:00:00.000Z,1.8,39.47,5.47,3.9,6.65,2.696,590
2024-03-27T00:00:00.000Z,0.5,13.35,2.42,1.2,7.82,3.909,588
2024-03-28T00:00:00.000Z,0.7,12.02,3.3,2.29,5,2.115,586
2024-03-29T00:00:00.000Z,6.15,24.55,13.27,9.77,18.14,4.458,367
2024-03-30T00:00:00.000Z,1.14,31.3,9.32,7.38,13.5,7.141,582
2024-03-31T00:00:00.000Z,2.15,12.4,5.97,4.7,6.94,1.593,584
2024-04-01T00:00:00.000Z,0.32,10.55,1.52,0.82,4.09,2.155,527
2024-04-02T00:00:00.000Z,0.1,23.17,1.58,0.93,2.76,1.995,581
2024-04-03T00:00:00.000Z,0.82,39.7,3.1,2.04,4,2.672,583
2024-04-04T00:00:00.000Z,1.4,10.02,2.54,2,4.09,1.759,583
2024-04-05T00:00:00.000Z,1.05,30.77,1.95,1.73,2.4,1.324,581
2024-04-06T00:00:00.000Z,0.65,24.45,2.97,2.37,4.07,1.907,589
2024-04-07T00:00:00.000Z,0.8,44.05,3.1,2.17,4.54,5.201,588
2024-04-08T00:00:00.000Z,2.7,27.2,16.38,12.4,18.38,4.611,579
2024-04-09T00:00:00.000Z,0.2,35.5,12.94,7.32,19.37,6.676,580
2024-04-10T00:00:00.000Z,0,9.94,1.14,0.35,2.38,1.25,580
2024-04-11T00:00:00.000Z,0.93,16.57,4.98,1.73,8.4,3.516,558
2024-04-12T00:00:00.000Z,1.73,55.67,9.27,3.89,10.5,5.642,557
2024-04-13T00:00:00.000Z,2.8,108.7,10.72,5.54,16.44,7.519,588
2024-04-14T00:00:00.000Z,1.58,54.67,7.6,2.78,22.75,13.311,587
2024-04-15T00:00:00.000Z,1.5,13.82,2.52,2.22,3.17,1.117,588
2024-04-16T00:00:00.000Z,0.1,38.7,1.75,0.8,4.3,2.831,587
2024-04-17T00:00:00.000Z,0.03,80.97,1.6,0.73,2.39,3.715,580
2024-04-18T00:00:00.000Z,0.2,162.9,1.83,0.85,2.47,8.201,586
2024-04-19T00:00:00.000Z,0.3,144.65,1.5,0.7,2.78,9.688,584
2024-04-20T00:00:00.000Z,0.1,224.48,0.98,0.45,1.66,13.387,564
2024-04-21T00:00:00.000Z,0.2,26.13,0.8,0.55,1.08,1.356,581
2024-04-22T00:00:00.000Z,0.2,506.35,0.9,0.6,1.3,40.416,582
2024-04-23T00:00:00.000Z,0.5,23.65,4.45,2.87,5.82,2.266,577
2024-04-24T00:00:00.000Z,0.4,93.03,4.09,1.5,7.32,6.524,587
2024-04-25T00:00:00.000Z,1.05,23.8,4.3,2.54,6.88,4.728,586
2024-04-26T00:00:00.000Z,1.95,25.4,4.5,3.13,5.68,3.777,575
2024-04-27T00:00:00.000Z,2.1,50.78,7.85,4.2,10.96,4.617,585
2024-04-28T00:00:00.000Z,1.95,24.52,5.75,4.2,8.73,3.416,589
2024-04-29T00:00:00.000Z,1.27,44.67,4.7,2.89,5.82,3.926,589
2024-04-30T00:00:00.000Z,0.9,29.3,6.18,2.4,7.32,3.167,585
2024-05-01T00:00:00.000Z,3.5,35.7,7.85,5.6,10.38,3.413,554
2024-05-02T00:00:00.000Z,0.22,13.6,1.98,1,3.47,2.529,591
2024-05-03T00:00:00.000Z,0.1,170.63,1.02,0.56,2.02,7.533,588
2024-05-04T00:00:00.000Z,0.3,9.07,1.2,0.7,2.99,1.298,373
2024-05-05T00:00:00.000Z,0.4,2.33,1.02,0.82,1.25,0.321,473
2024-05-06T00:00:00.000Z,0.52,18.35,2.35,1.1,3.05,1.328,585
2024-05-07T00:00:00.000Z,1,34.2,3.2,2.2,5.18,3.029,583
2024-05-08T00:00:00.000Z,0.5,20.9,4.22,2.22,6.85,3.582,589
2024-05-09T00:00:00.000Z,0.3,25.4,2.38,1,3.66,1.751,589
2024-05-10T00:00:00.000Z,2,11.95,4.59,3.58,5.72,1.505,588
2024-05-11T00:00:00.000Z,1.35,32.25,5.03,2.25,7.6,3.686,588
2024-05-12T00:00:00.000Z,0.8,11.4,6.28,3.2,7.95,2.74,590
2024-05-13T00:00:00.000Z,1.1,38.47,3.38,2.5,6.07,3.898,582
2024-05-14T00:00:00.000Z,5.09,24.13,12.48,9.57,15.14,3.539,589
2024-05-15T00:00:00.000Z,0.52,27.65,2.65,1.67,4.28,2.609,587
2024-05-16T00:00:00.000Z,1.65,110.55,5.4,3.83,7.07,5.269,579
2024-05-17T00:00:00.000Z,0.3,81.72,2.13,1,6.49,5.313,589
2024-05-18T00:00:00.000Z,0.68,33.6,2.2,1.77,2.6,2.183,266
2024-05-25T00:00:00.000Z,1,33.15,3.3,2.1,5.03,3.382,358
2024-05-26T00:00:00.000Z,0.77,51.15,1.8,1.38,3.43,5.136,588
2024-05-27T00:00:00.000Z,2,169.25,6.15,4.7,8.38,7.206,587
2024-05-28T00:00:00.000Z,2.9,132.68,10.52,6.65,18.7,8.323,590
2024-05-29T00:00:00.000Z,2.7,36.54,6.97,4.25,8.9,4.567,567
2024-05-30T00:00:00.000Z,0.98,16.7,5.15,3.8,7.55,3.254,575
2024-05-31T00:00:00.000Z,0,264.5,1.02,0.42,2.29,12.923,592
2024-06-01T00:00:00.000Z,0.5,51.05,1.6,1.08,2.2,2.64,550
2024-06-02T00:00:00.000Z,0.32,110.5,1.8,1.3,2.42,7.095,591
2024-06-03T00:00:00.000Z,0.63,162.68,3.35,1.42,7.62,7.451,589
2024-06-04T00:00:00.000Z,0.65,74.53,1.67,1.33,2.1,4.555,586
2024-06-05T00:00:00.000Z,1,41.15,2.47,1.83,3.37,2.716,588
2024-06-06T00:00:00.000Z,1.25,40.53,3.1,2.5,4.34,3.158,584
2024-06-07T00:00:00.000Z,2.4,111.32,4.93,3.92,6.57,4.842,587
2024-06-08T00:00:00.000Z,2.22,215.4,4.7,3.67,5.45,9.912,588
2024-06-09T00:00:00.000Z,2.8,35.33,6.57,5.28,8.98,3.583,586
2024-06-10T00:00:00.000Z,2.13,39.54,3.78,2.9,5.13,2.472,584
2024-06-11T00:00:00.000Z,0.6,12.75,3.42,2.66,4.2,1.639,585
2024-06-12T00:00:00.000Z,0.1,44.45,1.2,0.9,2.06,2.426,584
2024-06-13T00:00:00.000Z,0.3,96.32,2.2,1.02,3.66,6.462,588
2024-06-14T00:00:00.000Z,0.7,158.35,2.88,1.55,4.97,7.584,583
2024-06-15T00:00:00.000Z,1.17,123.35,6.5,3.2,8.15,8.479,519
2024-06-16T00:00:00.000Z,1,46.58,3,1.85,5.85,3.699,587
2024-06-17T00:00:00.000Z,0.9,29.98,2,1.6,2.33,1.954,588
2024-06-18T00:00:00.000Z,1.58,162.19,6.97,4.5,10.85,8.367,585
2024-06-19T00:00:00.000Z,2.02,55.65,5.8,4.47,8,3.99,587
2024-06-20T00:00:00.000Z,1.55,102.68,4.94,3.66,6.06,4.866,584
2024-06-21T00:00:00.000Z,2.72,124.75,6.7,5,11.95,7.849,583
2024-06-22T00:00:00.000Z,0.3,441.17,2.02,1.14,3.5,22.301,585
2024-06-23T00:00:00.000Z,0.2,48.15,1,0.7,1.67,3.405,585
2024-06-24T00:00:00.000Z,0.4,217.3,3.78,2.83,5.25,9.519,582
2024-06-25T00:00:00.000Z,1.8,225.18,4.57,3,7.17,11.999,589
2024-06-26T00:00:00.000Z,1.42,381.7,6.38,3.8,10.84,17.426,589
2024-06-27T00:00:00.000Z,2,97.25,5.63,3.83,10.11,5.459,589
2024-06-28T00:00:00.000Z,1.52,46.63,2.9,2.6,4.05,2.837,581
2024-06-29T00:00:00.000Z,7.45,24.42,13.93,12.1,16.13,3.285,589
2024-06-30T00:00:00.000Z,2.25,147.8,3.38,3.05,4.98,9.73,588
2024-07-01T00:00:00.000Z,1.67,37.85,3.1,2.7,3.53,1.991,576
2024-07-02T00:00:00.000Z,1.25,12.98,4.28,2.45,6.22,2.872,587
2024-07-03T00:00:00.000Z,0.5,24,1.67,1.02,3.3,2.158,587
2024-07-04T00:00:00.000Z,0.9,68.78,9.25,4.03,15.67,8.13,589
2024-07-05T00:00:00.000Z,1.4,16.88,4.38,2.87,5.74,2.011,588
2024-07-06T00:00:00.000Z,1.35,102.45,3.47,2.47,5.95,10.803,588
2024-07-07T00:00:00.000Z,0.7,18.5,3.42,2.67,4.53,1.832,591
2024-07-08T00:00:00.000Z,1.05,75.09,6.57,2.52,8.14,7.165,588
2024-07-09T00:00:00.000Z,5.07,24.13,9.57,7.9,13.76,4.011,589
2024-07-10T00:00:00.000Z,3.5,23.4,8.91,6.47,12.93,4.565,586
2024-07-11T00:00:00.000Z,2.27,19.17,5.82,3.92,7.85,2.185,585
2024-07-12T00:00:00.000Z,0.75,78.72,3.3,2.42,5.75,7.183,592
2024-07-13T00:00:00.000Z,1.12,16.89,2.9,2.22,3.6,1.589,591
2024-07-14T00:00:00.000Z,0.8,41.7,2.52,1.52,3.1,2.367,587
2024-07-15T00:00:00.000Z,1.17,21.27,2.6,2,3.72,1.97,588
2024-07-16T00:00:00.000Z,1.25,52.1,2.52,2.1,3.15,5.295,590
2024-07-17T00:00:00.000Z,1.88,24.15,3.7,3.08,4.88,2.378,587
2024-07-18T00:00:00.000Z,3.8,83.6,5.45,4.82,6.56,3.748,588
2024-07-19T00:00:00.000Z,3.35,18.82,8.52,6.03,10.02,3.197,579
2024-07-20T00:00:00.000Z,2.6,25.2,4.13,3.63,4.65,1.413,586
2024-07-21T00:00:00.000Z,2.9,13.6,5.5,4.4,7.49,2.556,589
2024-07-22T00:00:00.000Z,1.67,11.7,4.07,3.57,4.87,1.116,585
2024-07-23T00:00:00.000Z,2.15,16.3,4.68,3.88,5.7,1.317,587
2024-07-24T00:00:00.000Z,3.45,24.85,5.7,4.87,6.57,1.964,588
2024-07-25T00:00:00.000Z,1.73,9.85,2.83,2.45,3.7,1.313,588
2024-07-26T00:00:00.000Z,1.05,18.2,2.27,1.9,3.22,1.696,586
2024-07-27T00:00:00.000Z,2.52,129.25,5.68,4.25,7.32,5.475,588
2024-07-28T00:00:00.000Z,2.15,18.52,4.68,3.53,6.15,2.302,591
2024-07-29T00:00:00.000Z,1.52,8.52,3.5,2.72,4.09,0.934,588
2024-07-30T00:00:00.000Z,2.6,16.57,5,4.47,6.53,2.164,559
2024-07-31T00:00:00.000Z,2.4,165.57,5.75,4.22,6.57,9.535,560
2024-08-01T00:00:00.000Z,3.05,23.13,5.6,4.25,6.72,3.891,562
2024-08-02T00:00:00.000Z,1.88,10.1,4.5,2.97,5.53,1.909,575
2024-08-03T00:00:00.000Z,2.42,17.64,7.22,4.7,11.58,4.088,573
2024-08-04T00:00:00.000Z,2.13,31.55,4.03,3.3,5.07,2.129,553
2024-08-05T00:00:00.000Z,2.47,12.98,4.28,3.6,5.4,1.299,552
2024-08-06T00:00:00.000Z,3.53,12.2,6.03,5.4,8.1,1.721,547
2024-08-07T00:00:00.000Z,1.8,16.14,5.67,4.01,10.42,3.506,553
2024-08-08T00:00:00.000Z,2.88,20.58,7.85,4.4,12.73,4.53,561
2024-08-09T00:00:00.000Z,3.47,19.85,8.77,6.63,10.35,3.415,540
2024-08-10T00:00:00.000Z,4.7,24.33,9.9,6.27,13.23,4.922,540
2024-08-11T00:00:00.000Z,4.63,16.45,8.44,6.4,9.55,1.844,576
2024-08-12T00:00:00.000Z,3.53,26.85,8.19,5.93,9.1,3.529,546
2024-08-13T00:00:00.000Z,4.2,36.6,6.57,5.4,11.25,5.778,555
2024-08-14T00:00:00.000Z,2.35,11.77,4.43,3.5,5.75,1.308,527
2024-08-15T00:00:00.000Z,2.38,14.55,4.43,3.5,5.22,1.509,483
2024-08-16T00:00:00.000Z,2.29,9.94,4.95,3.75,7.75,2.093,455
2024-08-17T00:00:00.000Z,1.65,5.93,3.2,2.58,4.38,1.012,537
2024-08-18T00:00:00.000Z,0.5,7.9,1.5,1.2,2.1,0.724,537
2024-08-19T00:00:00.000Z,0.77,20.23,3.35,2.21,4.67,2.286,545
2024-08-20T00:00:00.000Z,1.14,7.72,2.24,1.8,3.98,1.442,528
2024-08-21T00:00:00.000Z,2.83,10.85,7.3,6.32,8,1.617,532
2024-08-22T00:00:00.000Z,5.93,19.85,9.75,9.18,10.73,2.25,535
2024-08-23T00:00:00.000Z,4.9,15.98,9.13,7.5,10.52,1.974,556
2024-08-24T00:00:00.000Z,5.8,26.77,7.45,6.65,10.09,5.231,561
2024-08-25T00:00:00.000Z,5.88,11.55,7.47,6.97,8.19,0.947,558
2024-08-26T00:00:00.000Z,2.08,13.73,3.8,3.3,4.7,2.129,542
2024-08-27T00:00:00.000Z,2.67,9.9,5.97,4.21,6.97,1.584,549
2024-08-28T00:00:00.000Z,6.72,72.88,8.9,8.15,10.05,3.553,552
2024-08-29T00:00:00.000Z,6.07,89.45,10.56,8.19,12.82,4.586,542
2024-08-30T00:00:00.000Z,5.9,32.47,10.9,8.53,13.06,4.42,549
2024-08-31T00:00:00.000Z,7.97,44.85,12.31,10.79,15.26,3.648,548
2024-09-01T00:00:00.000Z,5.22,21.23,10.45,7.45,13.65,4.111,543
2024-09-02T00:00:00.000Z,4.34,61.28,9.25,7.79,11.75,3.612,537
2024-09-03T00:00:00.000Z,4.2,30.08,7.05,5.72,11.23,3.137,547
2024-09-04T00:00:00.000Z,3.47,290.95,8.05,6.28,9.9,12.338,554
2024-09-05T00:00:00.000Z,0.4,19.77,4.75,2.27,6.82,3.504,549
2024-09-06T00:00:00.000Z,2.38,27.55,10.74,5.79,18.64,7.225,536
2024-09-07T00:00:00.000Z,1.9,13.25,4.67,3.38,6.2,1.905,474
2024-09-08T00:00:00.000Z,1.33,27.77,7.1,5.32,11.45,5.862,543
2024-09-09T00:00:00.000Z,0.1,32.25,1.2,0.7,2.5,4.588,549
2024-09-10T00:00:00.000Z,0.3,186.2,1.77,0.8,2.88,8.115,531
2024-09-11T00:00:00.000Z,1.4,19.13,4,3.01,4.9,2.065,548
2024-09-12T00:00:00.000Z,0.13,10.88,1.1,0.68,1.85,1.144,563
2024-09-13T00:00:00.000Z,0,23.63,0.75,0.4,1.49,1.559,524
2024-09-14T00:00:00.000Z,0,101.4,0.7,0.22,1.42,5.113,570
2024-09-15T00:00:00.000Z,0.35,15.8,1,0.73,2.33,2.575,554
2024-09-16T00:00:00.000Z,0.47,37.72,1.7,1,2.92,3.172,570
2024-09-17T00:00:00.000Z,0.2,28.38,2.17,1.09,2.72,1.924,561
2024-09-18T00:00:00.000Z,1.58,105.93,4.15,3.05,5.32,5.674,551
2024-09-19T00:00:00.000Z,1.75,44.95,4.29,3.13,5.45,3.476,554
2024-09-20T00:00:00.000Z,2.58,78.31,6.85,4.18,9.07,6.222,550
2024-09-21T00:00:00.000Z,3.1,31.5,7.28,5.68,9.13,4.167,563
2024-09-22T00:00:00.000Z,5.72,50.55,10.7,8.8,12.34,3.334,560
2024-09-23T00:00:00.000Z,8.32,33.1,13.65,10.18,18.57,6.21,547
2024-09-24T00:00:00.000Z,3.5,149.02,14.43,9.38,22.63,9.624,543
2024-09-25T00:00:00.000Z,3,24.4,6.57,5.25,8.19,2.387,555
2024-09-26T00:00:00.000Z,4.65,26.05,8.88,5.85,14.35,5.797,562
2024-09-27T00:00:00.000Z,0.43,69.5,5.03,1.8,7.55,6.608,421
2024-09-28T00:00:00.000Z,0.05,44.25,0.9,0.5,1.69,2.672,400
2024-09-29T00:00:00.000Z,0.1,18.75,0.6,0.4,1.52,1.532,555
2024-09-30T00:00:00.000Z,0.3,76.97,1.77,0.95,3.55,6.955,560
2024-10-01T00:00:00.000Z,3.53,78.45,7.79,6.17,10.47,4.717,560
2024-10-02T00:00:00.000Z,4.28,125.05,11.46,7.65,16.39,9.584,558
2024-10-03T00:00:00.000Z,0.3,42.42,2.59,1.37,5.75,10.843,556
2024-10-04T00:00:00.000Z,0.4,158.77,2.27,1.3,3.95,8.513,575
2024-10-05T00:00:00.000Z,0.8,82.88,3.83,2.8,5.52,4.945,565
2024-10-06T00:00:00.000Z,3.7,65.56,7.3,6.28,8.06,3.305,556
2024-10-07T00:00:00.000Z,6.3,137.4,10.52,9.43,15.5,7.504,566
2024-10-08T00:00:00.000Z,0.4,78.68,6.1,3.59,12.25,6.896,553
2024-10-09T00:00:00.000Z,3.1,62.03,17.3,9.4,20.98,7.751,556
2024-10-10T00:00:00.000Z,0.7,94.18,2.9,1.9,4.07,5.47,562
2024-10-11T00:00:00.000Z,1.27,65.59,5.43,3.05,7.3,5.277,566
2024-10-12T00:00:00.000Z,1.38,74.25,3.92,2.78,12.2,7.006,581
2024-10-13T00:00:00.000Z,1.02,111.38,4.68,3.2,9.13,8.702,570
2024-10-14T00:00:00.000Z,3.55,170.88,15.68,7.43,18.73,9.403,566
2024-10-15T00:00:00.000Z,7.5,65.5,17.88,12.94,34.74,11.892,541
2024-10-16T00:00:00.000Z,5.4,41.38,16.05,8.34,32.26,11.372,572
2024-10-17T00:00:00.000Z,2,70.18,6.5,4.88,7.4,3.769,557
2024-10-18T00:00:00.000Z,0.43,187.8,3.65,2,5.47,10.961,569
2024-10-19T00:00:00.000Z,1.33,138.94,4.38,3.1,5.25,7.883,559
2024-10-20T00:00:00.000Z,0.7,276.63,4.05,2.04,10.45,16.204,567
2024-10-21T00:00:00.000Z,2.9,23.8,7.13,5.84,12.52,4.916,576
2024-10-22T00:00:00.000Z,5.13,45.13,17.3,13.21,23.15,7.398,548
2024-10-23T00:00:00.000Z,7.55,42.42,29.1,14.48,32.1,10.085,575
2024-10-24T00:00:00.000Z,2.95,22.77,8.85,6.07,15.33,5.007,561
2024-10-25T00:00:00.000Z,3.9,33.92,15.52,12.05,21.15,6.029,515
2024-10-26T00:00:00.000Z,3.7,44.45,8.32,6.38,10.75,3.434,558
2024-10-27T00:00:00.000Z,10.27,27.83,15.9,13.77,18.89,3.23,551
2024-10-28T00:00:00.000Z,4.43,41.6,10.25,8.8,12.89,4.307,548
2024-10-29T00:00:00.000Z,2.92,78.93,11.57,8.52,14.56,5.424,569
2024-10-30T00:00:00.000Z,2.92,87.75,13.77,8.82,24.65,9.588,554
2024-10-31T00:00:00.000Z,4.78,495.38,21.17,15.48,29.05,27.417,559
2024-11-01T00:00:00.000Z,5.78,156.65,10.88,8.55,18.27,9.961,535
2024-11-02T00:00:00.000Z,5.7,32.22,11.25,8.25,16.3,5.759,524
2024-11-03T00:00:00.000Z,5.65,33.35,14.46,9.57,18.27,5.692,512
2024-11-04T00:00:00.000Z,5.72,114.82,29.23,14.2,40.03,14.505,462
2024-11-05T00:00:00.000Z,15.5,135.72,27.69,23.17,34.17,10.286,378
2024-11-06T00:00:00.000Z,13.57,83.65,32.28,21.27,37.17,9.51,375
2024-11-07T00:00:00.000Z,13.4,62.53,23.52,19.27,29.24,6.919,472
2024-11-08T00:00:00.000Z,18.48,208.7,32.04,23.59,36.6,11.685,433
2024-11-09T00:00:00.000Z,31.08,82.07,42.35,37.33,50.1,8.138,375
2024-11-10T00:00:00.000Z,16.27,49.2,29.65,22,36.4,8.723,330
2024-11-11T00:00:00.000Z,10.55,41.65,18.3,14.83,21.16,6.093,412
2024-11-12T00:00:00.000Z,8.35,120.53,18,16.8,19.5,9.128,273
2024-11-13T00:00:00.000Z,14.52,225.73,20.3,18.38,24.55,13.637,355
2024-11-14T00:00:00.000Z,12.38,73.56,20.52,17.37,22.75,5.461,316
2024-11-15T00:00:00.000Z,19.02,190.48,35.03,26.67,46.42,12.938,510
2024-11-16T00:00:00.000Z,20.48,115.05,57.13,43.17,79.34,21.202,534
2024-11-17T00:00:00.000Z,17.48,76.7,40.4,31.54,50.34,13.601,533
2024-11-18T00:00:00.000Z,49.85,118.88,71.03,60.58,76.06,9.965,488
2024-11-19T00:00:00.000Z,41.45,94.8,58.55,50.44,64.59,7.996,429
2024-11-20T00:00:00.000Z,0.3,90.55,6.85,2.2,48.49,23.426,397
2024-11-21T00:00:00.000Z,0.38,105.9,2.63,1.73,3.4,6.375,394
2024-11-22T00:00:00.000Z,0.3,33.85,4.5,1.67,6.94,4.613,413
2024-11-23T00:00:00.000Z,0.6,178.23,4.15,2.34,8.69,12.298,321
2024-11-24T00:00:00.000Z,2.35,75.68,7.07,5.45,9.11,5.258,409
2024-11-25T00:00:00.000Z,6.1,43.22,12.3,10.32,14.27,3.366,434
2024-11-26T00:00:00.000Z,11.93,62.9,21.72,14.98,24.5,6.109,580
2024-11-27T00:00:00.000Z,21.48,146.22,37.1,34.79,41.95,11.293,587
2024-11-28T00:00:00.000Z,23.67,86.72,36.54,33.29,40.15,5.699,591
2024-11-29T00:00:00.000Z,25.88,56.75,39.28,34.5,44.84,6.106,592
2024-11-30T00:00:00.000Z,26.73,73.09,36.19,32.24,43.55,7.118,592
2024-12-01T00:00:00.000Z,18.32,44.85,27.98,25.25,32.21,5.103,509
2024-12-02T00:00:00.000Z,14.4,33.95,21.35,19.8,25.17,3.819,591
2024-12-03T00:00:00.000Z,21.42,56.25,30.1,26.77,32.15,3.812,583
2024-12-04T00:00:00.000Z,9.6,147.18,25.64,15.18,30.5,9.475,590
2024-12-05T00:00:00.000Z,8.57,47.97,17.82,13.95,20.39,4.614,591
2024-12-06T00:00:00.000Z,18.77,57.9,29.2,22.44,33.83,6.504,589
2024-12-07T00:00:00.000Z,20.13,74.88,38.54,35.47,43.88,6.001,591
2024-12-08T00:00:00.000Z,17.85,64.59,30.6,25.8,35.03,7.581,587
2024-12-09T00:00:00.000Z,2.2,34.2,10.82,5.5,14.93,5.862,582
2024-12-10T00:00:00.000Z,18.5,57.15,25.7,23.5,28.55,3.429,554
2024-12-11T00:00:00.000Z,6.03,74.38,18.02,11.97,21.14,6.575,569
2024-12-12T00:00:00.000Z,13.93,52.2,25.1,18.73,43.52,12.05,577
2024-12-13T00:00:00.000Z,25.88,186.98,39.7,34.42,43.63,10.98,531
2024-12-14T00:00:00.000Z,20.63,208.98,44.7,39.13,49.88,10.696,515
2024-12-15T00:00:00.000Z,27.8,113.63,38.29,35.03,43.03,6.63,591
2024-12-16T00:00:00.000Z,17.98,50.75,28.58,22.55,32.89,6.481,500
2024-12-17T00:00:00.000Z,4.59,49.83,27.3,17.82,32.13,9.815,514
2024-12-18T00:00:00.000Z,21.1,91.6,25.83,23.83,31.63,8.154,515
2024-12-19T00:00:00.000Z,4.3,74.25,29.5,7.25,35.35,13.936,239
2024-12-20T00:00:00.000Z,0.1,97.63,1.17,0.4,3.3,5.157,439
2024-12-21T00:00:00.000Z,2.1,40.25,4.84,3.47,8,3.937,523
2024-12-22T00:00:00.000Z,10.3,77.72,16.14,14.3,17.95,4.703,590
2024-12-23T00:00:00.000Z,0.1,203.2,0.5,0.31,0.87,8.867,572
2024-12-24T00:00:00.000Z,0.08,47.35,0.6,0.25,1.95,3.498,503
2024-12-27T00:00:00.000Z,16.14,33.1,19.48,17.88,20.67,2.179,139
2024-12-28T00:00:00.000Z,10.07,49.9,22.48,13.55,30.98,8.938,491
2024-12-29T00:00:00.000Z,9.75,43.75,28.7,18.55,30.4,7.396,483
2024-12-30T00:00:00.000Z,14.45,73.22,23.77,20.3,30.87,6.561,265
2024-12-31T00:00:00.000Z,24,46.9,33.92,28.17,38.7,5.62,399
2025-01-01T00:00:00.000Z,26.48,248.32,77.5,38.25,140.47,66.362,562
2025-01-02T00:00:00.000Z,69.7,118.13,91.3,87.2,94.38,8.101,587
2025-01-03T00:00:00.000Z,9,70.93,26.43,16.95,53.22,19.372,582
2025-01-04T00:00:00.000Z,18.77,51.35,33.61,28.55,38.83,7.508,590
2025-01-05T00:00:00.000Z,24.65,50.47,41.7,37.4,44.5,5.079,587
2025-01-06T00:00:00.000Z,23.67,51.72,37.85,32.38,42.38,5.756,591
2025-01-07T00:00:00.000Z,8.98,46.95,21.2,17.09,26,6.34,589
2025-01-08T00:00:00.000Z,7.03,51.85,27.85,26.13,33.4,7.404,588
2025-01-09T00:00:00.000Z,4.7,62.1,12.34,8.44,15.65,5.417,586
2025-01-10T00:00:00.000Z,3.17,40.78,12.07,9.35,18.77,5.957,587
2025-01-11T00:00:00.000Z,1.7,66.47,7.43,4.53,9.27,4.699,590
2025-01-12T00:00:00.000Z,1.63,33.67,9.77,6.17,12.39,3.982,589
2025-01-13T00:00:00.000Z,3.97,47.13,13.63,6.31,16.64,5.367,537
2025-01-14T00:00:00.000Z,3.6,48.9,8.43,6.2,14.95,5.931,407
2025-01-15T00:00:00.000Z,16.85,238.15,23.35,21.52,26.52,9.758,587
2025-01-16T00:00:00.000Z,2.17,62.58,13.63,6.2,21.85,11.161,450
2025-01-17T00:00:00.000Z,4.55,57.5,12.87,8.68,15.7,9.344,586
2025-01-18T00:00:00.000Z,10.4,41.97,23.98,19.39,29.34,7.302,581
2025-01-19T00:00:00.000Z,5.09,53.72,11.5,7.28,19.17,8.272,586
2025-01-20T00:00:00.000Z,3.7,73.78,7.03,6.19,9.39,4.006,584
2025-01-21T00:00:00.000Z,7.25,55.38,21.48,14.18,26.02,7.424,586
2025-01-22T00:00:00.000Z,9.23,54.42,18.67,12.68,25.73,8.487,583
2025-01-23T00:00:00.000Z,5.28,234.55,16.01,13.48,17.64,10.644,586
2025-01-24T00:00:00.000Z,13.3,95.28,27.65,22.58,31.89,8.054,585
2025-01-25T00:00:00.000Z,8.38,43.72,27.4,23.44,30.09,7.078,540
2025-01-26T00:00:00.000Z,5.45,30.67,18.86,12.75,22.98,6.521,218
2025-01-27T00:00:00.000Z,2.2,70.59,6.4,4.22,10.83,5.104,485
2025-01-28T00:00:00.000Z,2.38,64.95,10.29,8.13,11.95,4.128,590
2025-01-29T00:00:00.000Z,3.2,28.33,9.75,7.64,12.19,3.52,592
2025-01-30T00:00:00.000Z,10.6,73.38,19.77,12.68,32,12.487,427
2025-01-31T00:00:00.000Z,10.68,88.85,16.97,14.3,22.3,7.004,462
2025-02-01T00:00:00.000Z,2.52,20.17,7.32,5.7,10.32,3.218,345
2025-02-02T00:00:00.000Z,1.3,234,9.9,3.3,11.32,11.017,503
2025-02-03T00:00:00.000Z,4.3,42.22,14.18,9.19,26.88,8.434,581
2025-02-04T00:00:00.000Z,11.32,51.42,22.33,17.42,26.08,7.298,582
2025-02-05T00:00:00.000Z,17.27,49.15,33.4,25.6,38.35,8.785,583
2025-02-06T00:00:00.000Z,14.13,69.95,26.13,20.72,31.82,8.032,584
2025-02-07T00:00:00.000Z,8.94,42.9,14.35,11.38,17.52,5.569,539
2025-02-08T00:00:00.000Z,11.65,37.6,25.05,22.19,28,4.769,525
2025-02-09T00:00:00.000Z,3.8,32.35,16.17,6.84,23,8.621,568
2025-02-10T00:00:00.000Z,9.35,42.78,27.42,18.18,31.76,8.299,577
2025-02-11T00:00:00.000Z,13.13,40.29,29.11,26.07,34.09,7.121,296
2025-02-12T00:00:00.000Z,9.88,43.97,26.58,22.22,29.57,6.383,513
2025-02-13T00:00:00.000Z,30.52,124.43,36.67,34.33,39.2,5.424,497
2025-02-14T00:00:00.000Z,0.8,36.53,4.07,2.02,21.77,11.574,306
2025-02-15T00:00:00.000Z,3.72,25.02,8.52,6.75,13.5,4.671,438
2025-02-16T00:00:00.000Z,15.48,28.13,19,17.95,19.73,1.54,333
2025-02-17T00:00:00.000Z,11.7,31.8,15.23,13.45,22.17,6.089,429
2025-02-18T00:00:00.000Z,16.45,31.63,23.16,20.42,27.3,3.892,512
2025-02-19T00:00:00.000Z,9.9,27.17,13.48,12.54,15.94,4.24,573
2025-02-20T00:00:00.000Z,14.68,73.05,29.52,22.05,32.63,6.625,573
2025-02-21T00:00:00.000Z,32.75,168.75,53.83,47.92,59.42,11.788,555
2025-02-22T00:00:00.000Z,61.53,108.95,84.97,81.2,87.7,5.927,576
2025-02-23T00:00:00.000Z,44.58,117.63,72.97,66.54,87.46,12.356,581
2025-02-24T00:00:00.000Z,68.8,144.4,96.22,88.2,100.88,9.14,575
2025-02-25T00:00:00.000Z,49.5,129.88,97.1,73.86,106.99,20.832,572
2025-02-26T00:00:00.000Z,11.23,81.8,30.84,20.29,38.97,11.305,576
2025-02-27T00:00:00.000Z,8.6,34.42,17.64,14,20.42,4.68,410
2025-02-28T00:00:00.000Z,15.75,27.8,23.13,18.2,25.42,3.725,99
2025-03-01T00:00:00.000Z,1.98,26.83,5.6,4.38,8.98,3.139,379
2025-03-02T00:00:00.000Z,3.6,24.13,7.55,6.42,10.62,2.728,572
2025-03-03T00:00:00.000Z,8.48,36.33,14.38,11.23,18.45,3.975,574
2025-03-04T00:00:00.000Z,14.3,52.33,26.55,23.1,29.3,5.11,570
2025-03-05T00:00:00.000Z,7.65,40.25,27.02,21.2,29.4,7.165,574
2025-03-06T00:00:00.000Z,17.7,23.25,20.42,19.37,21.09,1.076,148
2025-03-07T00:00:00.000Z,14.5,44.9,20.3,17.98,22.91,3.904,421
2025-03-08T00:00:00.000Z,14.52,42.33,30.88,26.37,33.42,5.388,561
2025-03-09T00:00:00.000Z,15.43,60.6,30.52,29.17,34.85,5.334,563
2025-03-10T00:00:00.000Z,3.83,33.29,10.05,7.43,19.5,7.98,558
2025-03-11T00:00:00.000Z,3.35,46.95,15.42,6.85,22.4,10.424,578
2025-03-12T00:00:00.000Z,1.2,79.38,7.15,4.4,12.38,7.032,583
2025-03-13T00:00:00.000Z,0.5,58.75,6.88,1.14,10.48,6.768,371
2025-03-14T00:00:00.000Z,0.73,122.28,2.82,1.92,4.38,8.735,210
2025-03-15T00:00:00.000Z,6.5,7.38,7.05,6.75,7.23,0.283,5
2025-03-18T00:00:00.000Z,4.75,37.5,5.57,5.05,7.04,5.537,69
2025-03-19T00:00:00.000Z,4.78,56.15,8.8,7.84,9.98,2.857,589
2025-03-20T00:00:00.000Z,12.13,110.05,20.16,18.2,21.98,5.879,566
2025-03-21T00:00:00.000Z,11.32,490.42,30.85,29.23,32.29,19.453,591
2025-03-22T00:00:00.000Z,4.9,77.06,28.48,15.02,41.13,13.954,591
2025-03-23T00:00:00.000Z,1.02,24.02,7.85,4.95,12.15,4.728,591
2025-03-24T00:00:00.000Z,0.68,16.48,6.68,2.38,8.27,3.578,591
2025-03-25T00:00:00.000Z,2.38,91.15,10.38,8.18,13.52,6.668,591
2025-03-26T00:00:00.000Z,1.52,67,10.1,4.59,12.52,5.829,590
2025-03-27T00:00:00.000Z,4.82,14.82,11.52,6.9,12.23,2.745,215
2025-03-28T00:00:00.000Z,1.67,67.8,7.78,6.25,9.03,7.184,453
2025-03-29T00:00:00.000Z,1.14,80.65,4.8,2.64,8.57,5.082,561
2025-03-30T00:00:00.000Z,0.5,37.04,2.6,1.23,5.13,4.483,333
2025-03-31T00:00:00.000Z,0.1,19.8,0.8,0.5,1.44,1.116,525
2025-04-01T00:00:00.000Z,0.4,5.45,1.45,1,2.52,1.066,205
2025-04-02T00:00:00.000Z,5.13,21.8,6.69,5.95,8.11,1.882,176
2025-04-03T00:00:00.000Z,3.83,29.85,9.63,6.93,12.98,3.891,582
2025-04-04T00:00:00.000Z,7.95,128.3,19.73,15.73,23.63,7.077,586
2025-04-05T00:00:00.000Z,2.88,39.13,16.39,9.18,25.73,9.461,548
2025-04-06T00:00:00.000Z,2.9,16.14,6.95,5.55,9.77,2.615,339
2025-04-07T00:00:00.000Z,1.38,28.1,3.25,2.7,3.83,1.7,331
2025-04-08T00:00:00.000Z,1.7,25.5,4.59,2.69,7.82,4.546,576
2025-04-09T00:00:00.000Z,4.28,22.85,13.95,7.1,18.1,5.697,552
2025-04-10T00:00:00.000Z,5.75,132.72,11.89,9.27,18.07,7.038,588
2025-04-11T00:00:00.000Z,1.6,162.47,7.43,4.22,21.3,11.01,583
2025-04-12T00:00:00.000Z,1.83,26.3,6.34,5.28,7.43,1.973,590
2025-04-13T00:00:00.000Z,1.9,24.98,4.47,3.44,7.18,2.354,564
2025-04-14T00:00:00.000Z,7.5,368.95,15.15,12.07,17.27,15.029,590
2025-04-15T00:00:00.000Z,1,131.44,5.64,4.07,8.23,6.244,570
2025-04-16T00:00:00.000Z,3.4,24.6,8.18,7,15.95,5.851,583
2025-04-17T00:00:00.000Z,0.4,10.55,2.34,1.58,3.63,1.482,592
2025-04-18T00:00:00.000Z,0.25,35.4,1.25,0.8,3.14,3.48,592
2025-04-19T00:00:00.000Z,0.2,24.15,1.7,1.02,3.98,3.158,505
2025-04-20T00:00:00.000Z,2.15,34.79,4.18,3.53,5.34,2.098,592
2025-04-21T00:00:00.000Z,0.68,34.53,3.15,1.52,6.72,3.84,591
2025-04-22T00:00:00.000Z,0.73,70.15,4.05,2.15,5.3,3.533,593
2025-04-23T00:00:00.000Z,0.35,31.73,4.34,3.1,5.54,2.327,592
2025-04-24T00:00:00.000Z,0,178.18,0.88,0.5,1.52,7.336,591
2025-04-25T00:00:00.000Z,0.2,35.38,1.8,1.02,3.35,2.184,591
2025-04-26T00:00:00.000Z,0.2,11.93,1.12,0.7,2.1,1.451,591
2025-04-27T00:00:00.000Z,1.2,19.23,3.2,2.54,3.78,1.201,590
2025-04-28T00:00:00.000Z,1.33,25.48,3.72,2.6,5.4,2.075,591
2025-04-29T00:00:00.000Z,1.73,50.97,6.75,5.21,8.69,4.381,588
2025-04-30T00:00:00.000Z,2.7,97.57,7.13,5.32,10.25,5.029,591
2025-05-01T00:00:00.000Z,2,21.13,9.3,4.09,13.65,5.445,590
2025-05-02T00:00:00.000Z,1.3,36.04,5.92,2.25,7.93,3.451,538
2025-05-03T00:00:00.000Z,1.1,109.22,1.8,1.6,2,4.949,491
2025-05-04T00:00:00.000Z,1.3,15.52,2.63,2.12,3.13,1.282,592
2025-05-05T00:00:00.000Z,0.35,27.52,3.16,1.67,7.15,3.06,592
2025-05-06T00:00:00.000Z,0.47,8.98,1.67,1.02,3.5,1.852,587
2025-05-07T00:00:00.000Z,0.38,19.2,2.08,1.2,4.38,2.656,586
2025-05-08T00:00:00.000Z,1.02,22.98,7.22,5.01,10.31,3.64,589
2025-05-09T00:00:00.000Z,2.5,20.73,6.18,4.59,8.98,3.253,591
2025-05-10T00:00:00.000Z,1.88,23.65,7.13,4.59,9.19,4.075,592
2025-05-11T00:00:00.000Z,1.33,16.55,6.03,3.13,8.19,3.081,591
2025-05-12T00:00:00.000Z,0.7,10.95,1.87,1.23,7.94,3.377,592
2025-05-13T00:00:00.000Z,0.8,36.75,6.72,4.25,9.43,3.714,591
2025-05-14T00:00:00.000Z,3.72,16.77,6.32,4.84,7.82,1.731,591
2025-05-15T00:00:00.000Z,0.65,14.8,4.15,1.7,8.4,3.774,593
2025-05-16T00:00:00.000Z,1.1,16.05,2.35,2,2.7,0.978,590
2025-05-17T00:00:00.000Z,0.56,156.18,3.42,1.65,4.3,7.072,591
2025-05-18T00:00:00.000Z,0.6,78.59,1.5,1.1,2.49,7.375,592
2025-05-19T00:00:00.000Z,1.4,11.07,2.42,2.08,2.92,1.012,592
2025-05-20T00:00:00.000Z,1.9,22.63,6.59,4.2,10.3,4.284,590
2025-05-21T00:00:00.000Z,3.1,39.17,12.23,7.43,15.32,5.234,591
2025-05-22T00:00:00.000Z,0.5,27.55,1.8,1.29,2.88,2.641,592
2025-05-23T00:00:00.000Z,0.35,7.9,1.85,0.85,2.5,1.213,591
2025-05-24T00:00:00.000Z,0.82,18.8,2.02,1.7,2.8,3.236,590
2025-05-25T00:00:00.000Z,0.9,17.2,4.84,3.83,6.12,2.115,588
2025-05-26T00:00:00.000Z,0.7,10.85,2.2,1.6,3.28,1.197,590
2025-05-27T00:00:00.000Z,0.2,14.6,1.9,1.2,3.97,2.764,591
2025-05-28T00:00:00.000Z,1.3,47.5,7.57,3.29,14.88,7.579,568
2025-05-29T00:00:00.000Z,0.4,4.9,1.42,0.9,2,0.85,161
2025-05-30T00:00:00.000Z,3.08,27.65,8.73,6.9,15.02,6.073,592
2025-05-31T00:00:00.000Z,2.08,96.4,8.74,5.05,10.93,7.806,592
2025-06-01T00:00:00.000Z,0.95,135.27,4.59,1.9,11.25,12.463,591
2025-06-02T00:00:00.000Z,0.88,23.9,1.7,1.38,2.4,3.225,579
2025-06-03T00:00:00.000Z,0.8,44.28,2.4,1.5,3.2,3.208,591
2025-06-04T00:00:00.000Z,2.8,46.38,6.97,4.98,9.19,3.68,585
2025-06-05T00:00:00.000Z,2.65,122.03,5.34,4.53,13.65,7.81,590
2025-06-06T00:00:00.000Z,3.8,64.28,5.45,4.8,6.8,3.124,589
2025-06-07T00:00:00.000Z,4.43,62.33,5.9,5.53,6.3,2.808,591
2025-06-08T00:00:00.000Z,5.85,29.48,9.15,6.88,15.57,5.497,583
2025-06-09T00:00:00.000Z,11.77,44.38,17.85,14.66,23.38,8.507,588
2025-06-10T00:00:00.000Z,15.18,32.47,17.66,16.92,21.3,3.217,590
2025-06-11T00:00:00.000Z,23.1,76.06,27.85,25.8,30.5,4.258,586
2025-06-12T00:00:00.000Z,24.63,44.97,29.85,27.41,33.57,4.225,524
2025-06-13T00:00:00.000Z,27.33,50.45,34.08,30.45,38.33,4.776,590
2025-06-14T00:00:00.000Z,4.95,50.17,27.15,23.3,29.95,9.482,594
2025-06-15T00:00:00.000Z,3.47,37.38,10.48,7.1,15.13,5.234,371
2025-06-16T00:00:00.000Z,1.33,29,5,2.5,20.58,9.008,452
2025-06-17T00:00:00.000Z,1.92,17.23,3.83,2.75,5.9,1.898,591
2025-06-18T00:00:00.000Z,3.5,13.93,7.93,5.43,9.43,2.295,592
2025-06-19T00:00:00.000Z,4.07,25.92,7.7,5.88,11.24,4.009,593
2025-06-20T00:00:00.000Z,6.2,31.8,10.55,7.5,12.14,4.016,588
2025-06-21T00:00:00.000Z,1.55,31.38,7.29,4.53,9.4,4.667,586
2025-06-22T00:00:00.000Z,2.47,21.27,4.3,3.41,6.04,2.373,593
2025-06-23T00:00:00.000Z,2.85,15.85,4.05,3.6,5.9,2.641,592
2025-06-24T00:00:00.000Z,3.53,39.22,5.78,5.4,6.32,2.458,578
2025-06-25T00:00:00.000Z,4.25,23.88,6.75,5.53,8.15,1.785,546
2025-06-26T00:00:00.000Z,1.8,37.4,5.2,3.58,6.06,2.119,593
2025-06-27T00:00:00.000Z,1.3,27.7,3.33,2.25,4.79,2.258,588
2025-06-28T00:00:00.000Z,1.7,20.39,4.43,3,5.82,1.941,591
2025-06-29T00:00:00.000Z,1.5,9.82,3.13,2.49,4.32,1.365,592
2025-06-30T00:00:00.000Z,0.82,67.63,2.25,1.52,3.55,3.874,420
2025-07-01T00:00:00.000Z,0.82,6.55,2.38,1.83,2.92,0.992,589
2025-07-02T00:00:00.000Z,0.73,7.22,2.02,1.67,2.46,0.706,589
2025-07-03T00:00:00.000Z,1.3,7.93,2.8,2.22,4.2,1.373,591
2025-07-04T00:00:00.000Z,2.2,19,3.3,2.95,3.72,1.077,591
2025-07-05T00:00:00.000Z,0.4,10.48,2.5,1.8,3.79,1.758,592
2025-07-06T00:00:00.000Z,1.25,17.63,6.13,3.85,8.93,3.817,539
2025-07-07T00:00:00.000Z,0.1,18.77,3.79,1.6,6.68,3.999,592
2025-07-08T00:00:00.000Z,0.1,10.32,0.81,0.5,1.23,0.766,592
2025-07-09T00:00:00.000Z,0.5,18.42,1.77,0.98,2.92,1.965,591
2025-07-10T00:00:00.000Z,1,151.1,2.2,1.6,4.55,8.636,592
2025-07-11T00:00:00.000Z,0.88,41.63,2.88,1.48,3.96,2.271,557
2025-07-12T00:00:00.000Z,1,24.83,1.9,1.5,2.52,2.437,591
2025-07-13T00:00:00.000Z,0.73,10.25,2.2,1.55,3.45,1.636,591
2025-07-14T00:00:00.000Z,0.82,25.83,2.04,1.6,3.05,2.474,591
2025-07-15T00:00:00.000Z,1.5,7.47,2.78,2.2,4.37,1.319,593
2025-07-16T00:00:00.000Z,2.83,17.07,4.82,3.85,6.02,1.931,593
2025-07-17T00:00:00.000Z,1.6,10.6,4.88,3.38,6.45,1.93,591
2025-07-18T00:00:00.000Z,0.8,11.18,1.63,1.27,2.61,1.135,593
2025-07-19T00:00:00.000Z,1.35,14.35,4.23,2.78,5.72,1.809,592
2025-07-20T00:00:00.000Z,2.8,14.55,5.89,4.43,9.11,2.954,572
2025-07-21T00:00:00.000Z,0.8,13.25,1.9,1.35,2.4,1.148,590
2025-07-22T00:00:00.000Z,0.2,8.27,2,1.2,2.6,1.016,592
2025-07-23T00:00:00.000Z,1.2,114.7,2.04,1.83,2.35,4.798,593
2025-07-24T00:00:00.000Z,0.5,5.43,1.85,1.42,2.5,0.987,591
2025-07-25T00:00:00.000Z,0.5,21.9,1.75,1.2,2.2,1.386,592
2025-07-26T00:00:00.000Z,0.6,19.75,4.15,2.64,10.85,5.12,593
2025-07-27T00:00:00.000Z,0.3,13.25,1.4,0.9,3.92,2.231,591
2025-07-28T00:00:00.000Z,0.9,10.13,1.9,1.6,2.33,1.399,592
2025-07-29T00:00:00.000Z,0.65,15,2.04,1.37,5.35,3.406,592
2025-07-30T00:00:00.000Z,0.4,10.25,1.1,0.8,2,1.323,593
2025-07-31T00:00:00.000Z,1.3,8.68,3.1,1.92,4.03,1.246,590
2025-08-01T00:00:00.000Z,1.12,17.95,4.03,3.45,4.97,1.512,590
2025-08-02T00:00:00.000Z,0.2,5.57,1,0.55,1.7,1.012,593
2025-08-03T00:00:00.000Z,0.15,8.25,1.35,0.73,2.2,1.402,593
2025-08-04T00:00:00.000Z,0.5,4.7,1.1,0.9,1.6,0.859,590
2025-08-05T00:00:00.000Z,1,5.97,2,1.55,2.49,0.859,565
2025-08-06T00:00:00.000Z,1.4,4.7,2.67,2.29,3.3,0.655,526
2025-08-07T00:00:00.000Z,1.1,7.57,2.52,1.92,3.35,0.933,570
2025-08-08T00:00:00.000Z,2.22,10.3,5.03,3.95,6.47,1.673,577
2025-08-09T00:00:00.000Z,3.2,60.55,5.6,4.2,6.43,3.664,569
2025-08-10T00:00:00.000Z,3.85,23.23,7.53,5.7,10.5,2.858,590
2025-08-11T00:00:00.000Z,3.67,9.6,5.6,5,7.4,1.374,592
2025-08-12T00:00:00.000Z,7.05,13.8,9.44,8.82,9.98,1.079,594
2025-08-13T00:00:00.000Z,6.6,16.6,10,9.3,12,1.939,579
2025-08-14T00:00:00.000Z,5.7,25.63,10.55,7.94,15.24,4.089,585
2025-08-15T00:00:00.000Z,1.9,15.23,5.7,4.93,10.64,3.351,488
2025-08-16T00:00:00.000Z,1.8,6.35,3.59,2.72,4.22,0.97,580
2025-08-17T00:00:00.000Z,2.85,7.8,4.44,3.75,5.38,1.055,590
2025-08-18T00:00:00.000Z,2.9,12.43,5.05,4.18,5.94,1.308,592
2025-08-19T00:00:00.000Z,3.8,8.4,5.63,5.13,6.22,0.768,592
2025-08-20T00:00:00.000Z,1.67,11.25,5.4,4.22,6.45,1.697,578
2025-08-21T00:00:00.000Z,1.05,4.43,2.4,1.9,2.8,0.577,374
2025-08-22T00:00:00.000Z,0.5,5,1.4,1,2.15,0.91,374
2025-08-23T00:00:00.000Z,2.1,22.63,5.14,3.78,7.59,2.587,584
2025-08-24T00:00:00.000Z,0.95,10.55,1.9,1.6,2.4,2.664,593
2025-08-25T00:00:00.000Z,1.35,8.32,2.38,2.02,3.03,1.016,591
2025-08-26T00:00:00.000Z,2.2,54.75,6.15,4.04,8.99,4.602,592
2025-08-27T00:00:00.000Z,5.5,18.98,12.43,10.38,14.45,2.752,590
2025-08-28T00:00:00.000Z,0.56,22.58,9.15,5.21,12.17,5.37,592
2025-08-29T00:00:00.000Z,0.1,18.14,2.31,1.12,5.71,4.184,592
2025-08-30T00:00:00.000Z,0.1,69.15,0.6,0.38,1.3,4.885,592
2025-08-31T00:00:00.000Z,0.17,6.57,0.85,0.6,1.2,0.657,590
2025-09-01T00:00:00.000Z,0.8,26.2,2.88,1.48,4.03,1.757,591
2025-09-02T00:00:00.000Z,0.2,107.82,2.88,0.95,4.03,6.406,591
2025-09-03T00:00:00.000Z,0.8,16.64,2.41,1.83,3.3,1.418,590
2025-09-04T00:00:00.000Z,0.93,37.53,2.72,1.92,4.4,2.072,591
2025-09-05T00:00:00.000Z,0.6,58.67,1.9,1.2,3.5,3.077,472
2025-09-06T00:00:00.000Z,0.32,0.9,0.5,0.5,0.8,0.191,7
2025-09-07T00:00:00.000Z,1.92,26.6,3.43,3,5.05,1.961,250
2025-09-08T00:00:00.000Z,1.92,36.7,4.47,3.35,8.38,4.146,307
2025-09-09T00:00:00.000Z,7.7,35.95,13.52,10.88,19.64,6.074,589
2025-09-10T00:00:00.000Z,0.1,166.95,1.9,1.1,3.28,9.033,558
2025-09-11T00:00:00.000Z,0.95,74.72,2.88,1.63,7.9,4.553,589
2025-09-12T00:00:00.000Z,0.9,12.05,1.8,1.55,2.13,0.944,592
2025-09-13T00:00:00.000Z,0.65,56,3.8,2.09,5.12,4.126,593
2025-09-14T00:00:00.000Z,1.3,15.07,2.29,1.95,2.82,1.002,592
2025-09-15T00:00:00.000Z,1.5,6.63,2.42,2.1,3.84,1.223,493
2025-09-16T00:00:00.000Z,1.6,7,2.58,2.17,3.2,0.765,591
2025-09-17T00:00:00.000Z,0.35,108.18,2.25,1.45,4.18,4.774,592
2025-09-18T00:00:00.000Z,2.04,14.18,4.72,3.35,5.97,2.288,592
2025-09-19T00:00:00.000Z,6.6,21.65,10.29,9.23,12.88,3.552,572
2025-09-20T00:00:00.000Z,6.82,102.32,15.6,12.55,17.73,5.538,463
2025-09-21T00:00:00.000Z,1.1,16.75,7.3,3.5,11.18,4.121,591
2025-09-22T00:00:00.000Z,1.14,12.25,5.19,4.07,8.13,2.499,590
2025-09-23T00:00:00.000Z,1.2,15.32,6.25,2.95,10.98,4.048,591
2025-09-24T00:00:00.000Z,0.5,63.2,1.8,1.25,2.42,2.706,590
2025-09-25T00:00:00.000Z,0.5,13.75,2.45,1.7,5.11,2.866,592
2025-09-26T00:00:00.000Z,0.7,60.05,2.35,1.92,2.97,4.921,590
2025-09-27T00:00:00.000Z,0.5,15.43,3.2,1.33,5.57,3.566,591
2025-09-28T00:00:00.000Z,0.2,43.95,1.4,0.68,3.8,4.94,587
2025-09-29T00:00:00.000Z,1.45,10.85,4.78,3.38,6.02,2.048,589
2025-09-30T00:00:00.000Z,3.88,30.02,9.57,6.79,12.85,3.735,588
2025-10-01T00:00:00.000Z,2,81.81,3.85,3.03,4.8,4.667,582
2025-10-02T00:00:00.000Z,1.08,33.45,3.33,2.75,4.3,2.209,570
2025-10-03T00:00:00.000Z,5.13,32.65,8.8,7.34,9.91,4.744,540
2025-10-04T00:00:00.000Z,9.73,247.4,19.73,17.48,21.7,11.229,582
2025-10-05T00:00:00.000Z,0.1,29.13,1.94,0.7,8.88,7.67,590
2025-10-06T00:00:00.000Z,0.3,13.43,3.08,1.07,5.55,2.959,585
2025-10-07T00:00:00.000Z,2.6,60.47,7.72,5.47,17.42,7.002,581
2025-10-08T00:00:00.000Z,15.65,37.85,20.88,18.8,22.8,3.539,581
2025-10-09T00:00:00.000Z,21.5,646.7,31.15,28.63,35.54,27.344,579
2025-10-10T00:00:00.000Z,26.85,71.15,37.33,31.9,42.55,7.091,591
2025-10-11T00:00:00.000Z,38.33,118.45,47.25,43.67,49.97,5.964,591
2025-10-12T00:00:00.000Z,20.63,62.97,38.08,30.23,54,12.516,586
2025-10-13T00:00:00.000Z,13.57,71.31,34.1,28.26,38.97,9.997,589
2025-10-14T00:00:00.000Z,12.1,87.72,23.9,17.35,34.03,9.214,585
2025-10-15T00:00:00.000Z,6.1,86.13,18.17,12.2,24.4,7.539,587
2025-10-16T00:00:00.000Z,3.1,68.22,9.82,8.3,11.19,4.482,500
2025-10-17T00:00:00.000Z,4.78,190.07,9.88,7.99,12.74,8.575,589
2025-10-18T00:00:00.000Z,13.8,47.67,19.05,17.45,21.17,4.602,591
2025-10-19T00:00:00.000Z,11.52,72.8,19.82,15.38,25.26,6.169,592
2025-10-20T00:00:00.000Z,11.75,37.45,22.2,20.57,25.41,4.481,592
2025-10-21T00:00:00.000Z,5.78,71.22,12.98,10.42,20.26,8.409,593
2025-10-22T00:00:00.000Z,22.9,225.77,32.86,28.38,34.9,11.169,592
2025-10-23T00:00:00.000Z,0.75,168.7,22.19,10.7,39.67,17.646,592
2025-10-24T00:00:00.000Z,0,49.15,2.45,0.7,5.28,3.68,594
2025-10-25T00:00:00.000Z,1.1,24.75,4.09,2.08,8.27,3.846,591
2025-10-26T00:00:00.000Z,0.2,61.28,2.88,1.73,4.63,4.838,575
2025-10-27T00:00:00.000Z,0.3,104.28,3.3,1.9,4.28,11.624,560
2025-10-28T00:00:00.000Z,3.08,113.1,11.6,8.85,14.65,6.738,586
2025-10-29T00:00:00.000Z,16.13,47.15,25.02,23.15,28.04,3.737,593
2025-10-30T00:00:00.000Z,8.48,74.28,15.25,13.57,17.73,5.286,589
2025-10-31T00:00:00.000Z,2.35,33.03,5.75,3.8,10.55,5.037,593
2025-11-01T00:00:00.000Z,11.2,451.8,22.38,19.57,24.8,20.152,591
2025-11-02T00:00:00.000Z,1.3,118.63,25.07,12.43,31.33,13.171,586
2025-11-03T00:00:00.000Z,0.1,244,2.04,0.9,6.54,10.627,592
2025-11-04T00:00:00.000Z,2.65,41.85,7.35,5.45,9.82,4.135,592
2025-11-05T00:00:00.000Z,3.6,83.43,9.57,7.42,13.99,6.529,592
2025-11-06T00:00:00.000Z,3.95,165.85,13.01,8.52,18.3,14.229,592
2025-11-07T00:00:00.000Z,7.8,94.03,18.64,13.01,21.17,7.089,592
2025-11-08T00:00:00.000Z,17.82,89.63,23.3,21.13,34.61,8.523,593
2025-11-09T00:00:00.000Z,24,75.81,38.07,32.88,39.7,4.756,594
2025-11-10T00:00:00.000Z,20.17,69.05,36.95,30.7,43.3,8.655,590
2025-11-11T00:00:00.000Z,7.85,54.28,24.8,15.82,30.94,9.345,593
2025-11-12T00:00:00.000Z,9.9,44.53,18.65,14.68,24.98,6.273,590
2025-11-13T00:00:00.000Z,8.05,106.18,17.6,11.6,23.82,9.845,593
2025-11-14T00:00:00.000Z,18.05,85.53,52.35,29.85,63.58,17.22,591
2025-11-15T00:00:00.000Z,82.82,103.38,97.56,94.4,100.15,4.331,114